감독,평균관객수,흥행지수1,흥행지수2
김한민,"17,613,682",1,13.01721286
윤제균,"14,245,998",0.808694112,10.45184933
최동훈,"12,844,515",0.729080957,9.384257071
장훈,"12,099,971",0.686786118,8.817093993
크리스 벅,"12,021,947",0.68235383,8.757658129
제니퍼 리,"12,021,947",0.68235383,8.757658129
이일형,"9,699,092",0.550400908,6.988202853
조 루소,"9,446,735",0.536065438,6.795967832
안소니 루소,"9,446,735",0.536065438,6.795967832
이상근,"9,426,051",0.534890441,6.780211419
김용화,"9,330,964",0.529488875,6.707777789
조스 웨던,"8,784,683",0.498456656,6.291643585
류승완,"7,691,934",0.436381529,5.45923184
한재림,"7,225,456",0.409882609,5.103888034
장철수,"6,953,800",0.394450847,4.896952017
존 왓츠,"6,946,374",0.394028984,4.891294941
나홍진,"6,878,264",0.390159922,4.839411791
김병서,"6,874,608",0.389952238,4.8366268
이병헌,"6,831,012",0.387475726,4.80341741
이석훈,"6,821,259",0.386921675,4.79598772
이환경,"6,621,383",0.375567417,4.643730002
봉준호,"6,516,494",0.369609064,4.563829991
추창민,"6,423,775",0.364342025,4.493200333
조의석,"6,323,544",0.358648295,4.416848849
황동혁,"6,243,144",0.354081063,4.355603427
김학순,"6,043,458",0.342737627,4.203490824
애너 보든,"5,801,069",0.328968389,4.018848826
라이언 플렉,"5,801,069",0.328968389,4.018848826
콜린 트레보로우,"5,546,792",0.314523837,3.825151038
라이언 쿠글러,"5,398,994",0.30612797,3.712564584
크리스토퍼 놀란,"5,365,506",0.304225624,3.687054609
토드 필립스,"5,255,228",0.297961146,3.603049542
윤종빈,"4,818,870",0.273173234,3.270649917
진모영,"4,801,355",0.27217827,3.257307708
이재규,"4,571,776",0.259136722,3.082423843
박정우,"4,542,084",0.257450027,3.059805696
브라이언 싱어,"4,539,307",0.25729229,3.057690482
크리스토퍼 맥쿼리,"4,498,478",0.254972929,3.026588434
양우석,"4,408,223",0.249845842,2.957835496
이해준,"4,319,302",0.244794563,2.890099126
페이튼 리드,"4,143,874",0.234829136,2.756465271
이계벽,"4,070,891",0.230683265,2.700870196
김성훈,"4,033,824",0.228577635,2.672634229
장창원,"4,018,341",0.227698091,2.660839762
여인영,"3,984,812",0.22579343,2.635298745
알레산드로 칼로니,"3,984,812",0.22579343,2.635298745
강윤성,"3,972,018",0.225066621,2.62555242
장재현,"3,919,369",0.222075823,2.585446571
매튜 본,"3,897,700",0.220844895,2.568940143
조진규,"3,893,216",0.220590194,2.56552467
원신연,"3,855,814",0.218465542,2.537033614
알렉스 커츠먼,"3,689,325",0.209007888,2.410208869
김지훈,"3,688,349",0.208952416,2.409465012
김도영,"3,679,019",0.208422441,2.402358181
김병우,"3,627,572",0.205499924,2.363167967
김주환,"3,622,998",0.205240092,2.359683681
낸시 마이어스,"3,610,642",0.204538192,2.350271387
조범구,"3,562,123",0.201782004,2.313311603
이재한,"3,538,357",0.200431916,2.295207259
리 언크리치,"3,510,017",0.198822052,2.27361939
피트 닥터,"3,508,412",0.198730878,2.272396767
허정,"3,453,844",0.195631068,2.230829103
최성현,"3,417,629",0.193573825,2.203242001
우민호,"3,416,167",0.193490797,2.202128614
조시 쿨리,"3,399,913",0.192567444,2.189746679
박누리,"3,389,035",0.191949504,2.181460265
김광식,"3,330,803",0.188641556,2.137101516
연상호,"3,307,176",0.187299392,2.119103436
김석윤,"3,148,173",0.178266981,1.997981092
앨런 테일러,"3,139,630",0.177781713,1.991473766
쉐인 블랙,"3,065,485",0.173569805,1.934993147
에스펜 샌버그,"3,049,894",0.172684137,1.923116562
맷 리브스,"3,026,522",0.17135643,1.905312351
딘 패리소트,"3,004,647",0.170113819,1.888649254
권수경,"2,982,022",0.168828575,1.871414457
케이트 쇼트랜드,"2,961,507",0.167663192,1.855786971
나현,"2,931,897",0.165981156,1.833231288
김한결,"2,917,213",0.165147011,1.822045619
팀 밀러,"2,863,712",0.162107785,1.781290371
김성수,"2,856,526",0.161699575,1.775816371
조성희,"2,831,931",0.160302451,1.75708129
이석근,"2,820,029",0.159626341,1.748014834
엄유나,"2,812,444",0.159195465,1.742236892
크리스 윌리암스,"2,801,949",0.158599282,1.734242232
김주호,"2,767,286",0.156630203,1.70783738
박훈정,"2,751,910",0.155756763,1.696124765
강형철,"2,736,283",0.154869035,1.684220567
루이스 리테리어,"2,718,227",0.15384334,1.670466247
손용호,"2,714,941",0.153656674,1.667963107
마이클 베이,"2,685,076",0.151960171,1.645213429
가이 리치,"2,677,167",0.15151087,1.639188423
바이론 하워드,"2,661,670",0.150630542,1.627383444
데이빗 예이츠,"2,646,486",0.149767975,1.615816642
허진호,"2,630,709",0.14887176,1.603798624
김정훈,"2,625,686",0.148586422,1.599972309
웨스 볼,"2,618,857",0.14819851,1.594770511
빌 콘돈,"2,605,357",0.147431624,1.584486764
앤드류 스탠튼,"2,601,734",0.147225796,1.581726658
박광현,"2,512,572",0.142160827,1.513806703
타이카 와이티티,"2,483,533",0.140511198,1.491685604
존 파브로,"2,475,689",0.140065656,1.485711001
리치 무어,"2,458,601",0.13909493,1.47269381
변영주,"2,435,211",0.137766229,1.454876267
최원섭,"2,406,232",0.136120038,1.432801253
장준환,"2,391,963",0.135309468,1.421931715
박찬욱,"2,327,900",0.131670282,1.373131149
존 머스커,"2,310,054",0.130656515,1.359536798
론 클레멘츠,"2,310,054",0.130656515,1.359536798
피에르 꼬팽,"2,291,847",0.129622242,1.345667452
올 파커,"2,285,143",0.129241412,1.34056062
마크 웹,"2,271,148",0.128446392,1.329899613
톰 후퍼,"2,267,384",0.128232569,1.327032289
최국희,"2,256,207",0.127597634,1.318517982
딘 데블로이스,"2,253,499",0.127443831,1.316455519
이용주,"2,247,965",0.127129436,1.312239564
요아킴 뢰닝,"2,247,423",0.127098676,1.311827072
이준익,"2,208,722",0.124900203,1.28234611
백운학,"2,192,243",0.1239641,1.269793211
이언희,"2,150,574",0.121597008,1.238051095
리건,"2,146,764",0.121380604,1.235149174
김지운,"2,137,337",0.120845062,1.227967691
임찬상,"2,135,614",0.120747213,1.226655562
후안 안토니오 바요나,"2,123,847",0.120078772,1.217691944
샘 멘데스,"2,098,494",0.118638532,1.198378687
정근섭,"2,095,375",0.118461381,1.196003142
박희곤,"2,087,474",0.118012554,1.189984484
올리비에 메가턴,"2,084,765",0.117858666,1.187920879
정지영,"2,083,079",0.117762909,1.186636808
카일 발다,"2,082,486",0.117729204,1.186184831
스티븐 쿼일,"2,078,492",0.11750232,1.183142365
잭 스나이더,"2,075,175",0.117313912,1.180615865
백,"2,053,947",0.116108007,1.164444991
박대민,"2,044,564",0.115574993,1.157297406
조지 밀러,"2,013,931",0.113834815,1.133962063
루벤 플레셔,"2,012,483",0.11375256,1.132859036
존 카니,"1,994,021",0.112703829,1.118795822
한동욱,"1,979,311",0.111868207,1.107590348
이종석,"1,967,721",0.111209822,1.098761561
정병길,"1,964,410",0.111021736,1.096239377
김현석,"1,952,838",0.110364391,1.087424556
데이미언 셔젤,"1,941,457",0.109717878,1.078754977
데이빗 레이치,"1,928,406",0.108976494,1.068813197
데이빗 소렌,"1,923,748",0.108711875,1.065264733
마크 포스터,"1,918,157",0.10839429,1.061005993
조일형,"1,903,703",0.107573192,1.049995275
박진표,"1,891,993",0.106907989,1.041075077
제임스 완,"1,877,712",0.106096737,1.030196397
이원태,"1,872,330",0.105791006,1.02609661
스콧 데릭슨,"1,856,801",0.104908879,1.014267509
이해영,"1,852,579",0.104669023,1.011051109
조던 필,"1,806,617",0.102058061,0.976038761
J.J. 에이브럼스,"1,795,472",0.101424963,0.967549085
국동석,"1,766,285",0.099766975,0.945315879
최정열,"1,753,043",0.099014716,0.935228286
더그 라이만,"1,748,709",0.098768527,0.931926949
저스틴 린,"1,746,781",0.098659042,0.930458786
문현성,"1,745,898",0.098608835,0.929785518
데스틴 다니엘 크리튼,"1,739,052",0.098219967,0.924570897
이한,"1,732,985",0.097875342,0.919949559
가스 제닝스,"1,729,426",0.097673149,0.917238205
이승준,"1,721,586",0.097227787,0.911266014
강대규,"1,719,592",0.097114515,0.909747067
윤종찬,"1,713,891",0.096790662,0.905404279
리차드 커티스,"1,703,384",0.096193769,0.897400097
배리 소넨필드,"1,701,556",0.096089955,0.896007982
조던 복트-로버츠,"1,685,933",0.09520247,0.884107021
이연우,"1,676,040",0.094640484,0.87657094
톰 맥그라스,"1,667,322",0.094145227,0.869929671
창,"1,661,388",0.093808129,0.865409266
사이몬 J.스미스,"1,661,230",0.093799182,0.865289289
이장훈,"1,658,854",0.093664182,0.863478969
브래드 버드,"1,649,398",0.093127049,0.856276157
한준희,"1,649,360",0.09312489,0.85624721
에릭 다넬,"1,643,967",0.092818534,0.852139044
필감성,"1,638,439",0.092504508,0.84792804
정다원,"1,625,037",0.091743189,0.837718947
김대승,"1,625,006",0.091741428,0.837695332
아니쉬 차간티,"1,617,043",0.091289051,0.831629064
홍원찬,"1,606,353",0.090681819,0.823486242
김봉주,"1,593,694",0.089962707,0.813843135
김민호,"1,593,386",0.089945211,0.813608513
노암 머로,"1,593,116",0.089929873,0.813402838
조규장,"1,588,270",0.089654561,0.809710973
클로이 자오,"1,567,534",0.088476653,0.79391552
정기훈,"1,563,064",0.088222728,0.790510457
돈 홀,"1,561,717",0.088146182,0.789483987
박정배,"1,543,813",0.087129149,0.775845835
F. 게리 그레이,"1,517,707",0.085646181,0.755959609
김형주,"1,509,270",0.085166858,0.749532014
제임스 맨골드,"1,502,404",0.084776835,0.744301904
장유정,"1,497,010",0.084470412,0.740192849
제임스 건,"1,488,397",0.083981148,0.733631946
곽경택,"1,468,444",0.082847699,0.71843267
신카이 마코토,"1,467,070",0.082769639,0.717385912
심성보,"1,466,830",0.082756024,0.717203344
바즈 루어만,"1,445,124",0.081522985,0.700668603
강효진,"1,442,975",0.08140088,0.699031202
김대우,"1,441,964",0.081343477,0.698261445
존 무어,"1,438,056",0.081121478,0.695284491
폴 그린그래스,"1,426,740",0.080478657,0.686664426
조동오,"1,416,053",0.079871568,0.678523508
마이클 그레이시,"1,402,809",0.079119224,0.668434772
로버트 스트롬버그,"1,397,526",0.078819116,0.664410399
장항준,"1,387,599",0.078255199,0.656848418
노동석,"1,387,508",0.07825003,0.656779098
제이크 캐스단,"1,382,969",0.077992186,0.653321474
박인제,"1,362,634",0.076837028,0.637831105
팻티 젠킨스,"1,356,149",0.076468639,0.632891098
임순례,"1,354,373",0.076367732,0.63153796
강우석,"1,354,224",0.076359258,0.631424331
신태라,"1,346,754",0.075934943,0.625734372
홍창표,"1,340,117",0.075557919,0.620678578
피터 잭슨,"1,338,676",0.07547608,0.619581137
피터 손,"1,328,394",0.074891978,0.611748477
개리 쇼어,"1,321,751",0.074514614,0.606688112
이창희,"1,314,274",0.074089873,0.60099244
유하,"1,313,802",0.07406306,0.60063289
김태균,"1,312,482",0.073988076,0.599627368
김홍선,"1,298,053",0.073168439,0.588636253
길예르모 델 토로,"1,292,925",0.072877085,0.584729267
존 추,"1,290,579",0.072743817,0.582942181
더글라스 맥키넌,"1,278,894",0.072080063,0.574041408
김광빈,"1,264,970",0.071289092,0.563434676
김형준,"1,246,185",0.070221984,0.549125033
노덕,"1,240,838",0.06991824,0.545051908
데이비드 F. 샌드버그,"1,233,947",0.069526807,0.539802881
마크 앤드류스,"1,231,024",0.069360743,0.537576005
브렌다 채프먼,"1,231,024",0.069360743,0.537576005
캐리 후쿠나가,"1,229,971",0.069300926,0.536773873
권종관,"1,225,142",0.069026608,0.533095339
렌 와이즈먼,"1,219,637",0.068713889,0.528901856
크리스 리노드,"1,213,720",0.068377751,0.524394338
손재곤,"1,209,689",0.068148779,0.521323877
모튼 틸덤,"1,206,175",0.067949161,0.518647056
안권태,"1,204,666",0.06786344,0.517497562
이수연,"1,201,576",0.067687909,0.515143727
김용균,"1,201,033",0.067657063,0.514730092
이종언,"1,186,283",0.066819169,0.503494147
최호,"1,177,438",0.066316717,0.496756389
김태윤,"1,170,604",0.065928521,0.491550782
권오광,"1,164,107",0.065559431,0.48660138
던칸 존스,"1,163,120",0.065503363,0.485849524
강제규,"1,160,935",0.065379241,0.48418508
정용기,"1,160,021",0.06532732,0.483488832
김영탁,"1,159,787",0.065314028,0.483310581
크리스 밀러,"1,158,142",0.065220553,0.482057106
조민호,"1,157,707",0.06519587,0.481726122
젠디 타타코브스키,"1,157,332",0.065174549,0.481440209
용수,"1,144,894",0.06446801,0.471965704
방은진,"1,143,751",0.064403081,0.471095014
김태훈,"1,140,876",0.064239762,0.468904957
송해성,"1,139,250",0.064147395,0.467666337
정이삭,"1,132,962",0.063790197,0.462876396
조선호,"1,129,018",0.063566153,0.459872019
리들리 스콧,"1,118,860",0.062989128,0.452134261
임상윤,"1,110,523",0.062515519,0.445783286
알레한드로 곤잘레스 이냐리투,"1,105,961",0.062256368,0.442308142
데이빗 핀처,"1,104,061",0.062148436,0.4408608
숀 레비,"1,101,678",0.062013066,0.439045528
마이크 트메이어,"1,100,915",0.061969723,0.438464306
알폰소 쿠아론,"1,096,523",0.06172023,0.435118661
스티븐 S. 드나이트,"1,077,235",0.060624548,0.420425853
김태곤,"1,076,048",0.060557119,0.419521646
앤디 서키스,"1,074,723",0.060481823,0.418511934
브래드 페이튼,"1,066,810",0.060032314,0.412484135
윤준형,"1,046,313",0.058867982,0.396870742
박홍수,"1,044,522",0.058766242,0.395506432
대런 아로노프스키,"1,036,522",0.058311763,0.389411979
대니 캐넌,"1,028,384",0.057849501,0.383213166
로버트 로드리게즈,"1,015,972",0.057144392,0.373757832
토니 길로이,"1,015,711",0.057129594,0.373559394
코린 하디,"1,011,580",0.056894927,0.370412568
롤랜드 에머리히,"1,008,541",0.056722311,0.368097836
로슨 마샬 터버,"1,002,858",0.056399461,0.363768506
민규동,"1,000,532",0.056267322,0.361996546
크레이그 질레스피,"996,829",0.056056976,0.359175861
이안,"987,858",0.055547338,0.35234174
우선호,"986,547",0.055472893,0.351343455
호세 파딜라,"979,509",0.05507309,0.345982195
김용한,"975,462",0.054843194,0.342899357
게리 로스,"970,856",0.054581544,0.339390695
조철현,"958,775",0.053895266,0.330187885
김창주,"952,386",0.053532331,0.325321007
변성현,"951,797",0.053498872,0.32487233
이종필,"950,971",0.05345195,0.324243118
벤 스틸러,"941,672",0.052923707,0.317159521
커크 드 미코,"941,615",0.052920469,0.317116101
테아 샤록,"939,658",0.052809299,0.315625338
허종호,"924,166",0.051929255,0.303824168
스티브 마티노,"922,654",0.051843364,0.302672388
알렉스 프로야스,"918,678",0.051617502,0.299643635
정범식,"912,241",0.051251853,0.294740383
피터 램지,"899,517",0.050529035,0.285047571
박상현,"893,855",0.050207397,0.280734492
변영규,"893,221",0.050171382,0.280251536
닐 블롬캠프,"890,695",0.050027861,0.278326952
권칠인,"875,733",0.049177952,0.266929895
티무르 베크맘베토브,"872,324",0.048984271,0.264332678
전계수,"869,885",0.04884572,0.262474748
라자 고스넬,"869,805",0.048841204,0.262414188
김태경,"867,386",0.04870379,0.260571493
이재용,"865,742",0.048610371,0.259318781
조근현,"865,572",0.048600757,0.259189853
가렛 에드워즈,"864,522",0.048541068,0.258389435
사이먼 킨버그,"862,744",0.048440094,0.257035408
김휘,"849,799",0.047704736,0.247174438
박현진,"848,148",0.047610949,0.245916774
육상효,"837,512",0.047006756,0.237814705
정윤철,"837,500",0.047006074,0.237805564
김광태,"827,918",0.046461756,0.23050639
윤제완,"824,079",0.046243676,0.227581997
데이비드 에이어,"822,354",0.046145699,0.226268153
샤론 맥과이어,"820,995",0.046068485,0.225232732
홍성호,"817,547",0.045872617,0.222606187
스티븐 개건,"816,339",0.045803967,0.221685602
윤재근,"811,119",0.045507466,0.217709601
코디 카메론,"800,062",0.044879358,0.209286832
크리스 피언,"800,062",0.044879358,0.209286832
폴 페이그,"799,828",0.044866065,0.20910858
부지영,"799,275",0.044834651,0.208687327
이권,"796,109",0.044654774,0.206275217
트래비스 나이트,"796,084",0.044653382,0.206256554
김현호,"795,419",0.044615577,0.205749604
한상호,"795,348",0.044611544,0.205695519
조셉 코신스키,"781,448",0.043821964,0.19510745
라이언 존슨,"779,932",0.043735827,0.193952369
정지우,"779,412",0.043706278,0.193556128
변혁,"768,442",0.04308314,0.185200013
이철하,"768,254",0.043072461,0.185056802
"윤창섭,김현호","766,758",0.042987479,0.18391721
김대웅,"765,963",0.042942318,0.183311612
오스카 요나손,"765,315",0.042905507,0.182817992
거나 칼슨,"765,315",0.042905507,0.182817992
김선,"760,886",0.042653912,0.179444162
팀 버튼,"754,997",0.042319356,0.174957858
패트릭 휴즈,"752,926",0.042201752,0.173380814
조정래,"744,923",0.041747134,0.167284508
바박 나자피,"731,551",0.040987497,0.157097962
정연식,"731,212",0.04096824,0.156839726
프란시스 로렌스,"723,792",0.04054675,0.151187665
밥 퍼시케티,"723,450",0.040527308,0.150926953
로드니 로스맨,"723,450",0.040527308,0.150926953
홍지영,"720,611",0.040366035,0.148764319
김종현,"703,024",0.039366982,0.135367264
루퍼트 샌더스,"700,352",0.039215167,0.133331463
폴 W.S. 앤더슨,"699,840",0.039186082,0.132941442
월리 피스터,"696,412",0.038991378,0.130330513
존 크래신스키,"694,706",0.038894466,0.129030952
박영균,"687,500",0.038485091,0.123541336
콘래드 베논,"686,593",0.038433577,0.122850548
크리스 콜럼버스,"681,945",0.03816956,0.119310146
퍼갈 레일리,"680,606",0.038093497,0.118290151
클레이 케이티스,"680,606",0.038093497,0.118290151
김진철,"679,379",0.038023814,0.117355726
김병갑,"678,091",0.037950629,0.116374327
조나단 레빈,"677,318",0.037906689,0.115785106
자움 콜렛 세라,"659,179",0.036876284,0.101967636
곽재용,"658,052",0.036812286,0.101109439
장진,"655,109",0.036645076,0.098867201
임상수,"649,521",0.036327642,0.094610492
김용완,"649,144",0.036306255,0.09432369
이원석,"648,708",0.036281459,0.093991182
카를로스 살다나,"647,590",0.036217978,0.093139916
조나단 리브스만,"646,678",0.03616617,0.092445192
이창재,"646,463",0.036153957,0.092281414
김형협,"646,412",0.03615106,0.092242564
이우철,"645,922",0.036123225,0.091869302
김승우,"645,082",0.036075507,0.091229425
댄 스캔론,"643,402",0.035980073,0.08994967
스콧 스피어,"639,979",0.035785596,0.087341788
케네스 브래너,"636,245",0.03557349,0.084497507
모홍진,"634,953",0.035500116,0.083513568
성시흡,"632,299",0.035349351,0.08149186
김용훈,"626,815",0.035037825,0.077314373
채리스 카스트로 스미스,"620,095",0.034656087,0.072195353
자레드 부시,"620,095",0.034656087,0.072195353
피터 버그,"619,404",0.034616833,0.071668978
김곡,"617,844",0.034528215,0.070480634
크리스토퍼 랜던,"615,715",0.034407294,0.068859103
하정우,"612,662",0.034233816,0.066532818
최신규,"612,067",0.034200059,0.066080142
박철관,"611,685",0.034178345,0.06578896
천성일,"609,063",0.034029399,0.063791628
김동원,"606,764",0.033898773,0.062039963
정가영,"602,892",0.033678847,0.059090813
이정호,"594,714",0.033214256,0.052860768
에릭 토레다노,"594,393",0.033196049,0.052616624
올리비에르 나카체,"594,393",0.033196049,0.052616624
박상준,"592,041",0.033062441,0.050824967
애스게르 레스,"591,841",0.03305108,0.050672615
토미 위르콜라,"586,343",0.03273873,0.046484083
마크 오스본,"579,130",0.032329014,0.040989896
소토자키 하루오,"571,356",0.031887373,0.035067601
해럴드 즈워트,"571,074",0.031871382,0.034853166
M. 나이트 샤말란,"569,726",0.031794807,0.033826315
드니 빌뇌브,"567,641",0.031676388,0.032238352
한지승,"562,156",0.031364783,0.028059799
트리시 시에,"560,620",0.031277528,0.026889738
스콧 모시어,"552,962",0.030842505,0.021056187
데니스 간젤,"551,897",0.030782006,0.020244914
맥지,"550,968",0.030729205,0.019536859
아딜 엘 아르비,"547,775",0.03054785,0.017104944
빌랄 팔라,"547,775",0.03054785,0.017104944
요하네스 로버츠,"545,985",0.030446167,0.015741395
권호영,"531,953",0.02964906,0.005052393
손원평,"531,212",0.029606966,0.00448793
리 워넬,"530,169",0.029547736,0.003693669
이창동,"528,153",0.029433196,0.002157709
황인호,"526,282",0.029326911,0.000732458
안드레스 무시에티,"523,524",0.029170239,-0.001368473
신한솔,"519,983",0.028969088,-0.004065862
쏘어 프류덴탈,"519,584",0.028946422,-0.004369804
딘 데블린,"519,229",0.028926256,-0.004640228
조 존스톤,"518,272",0.028871892,-0.005369232
조은지,"518,269",0.028871722,-0.005371517
페드 알바레즈,"515,733",0.028727632,-0.007303719
제임스 보빈,"513,202",0.028583884,-0.00923135
기예르모 델 토로,"506,261",0.028189591,-0.014518719
벤 스타센,"504,887",0.02811152,-0.015565629
스티븐 스필버그,"502,815",0.027993808,-0.017144121
마이클 차베즈,"501,009",0.027891215,-0.018519858
신정원,"500,835",0.027881359,-0.018652023
정승구,"497,880",0.027713497,-0.020903021
이현종,"492,773",0.027423387,-0.024793324
롭 레터맨,"492,083",0.027384162,-0.025319318
브래들리 쿠퍼,"490,957",0.027320226,-0.026176678
크리스 샌더스,"488,930",0.02720508,-0.027720764
브라이언 피,"487,916",0.027147478,-0.028493187
장규성,"483,591",0.02690179,-0.031787795
게리 도버먼,"481,766",0.026798119,-0.033178005
박제현,"480,361",0.026718306,-0.034248276
그레타 거윅,"478,425",0.0266083,-0.035723423
D.J. 카루소,"475,309",0.02643132,-0.038096683
김진영,"472,693",0.026282715,-0.040089444
웨인 쏜리,"472,692",0.026282658,-0.040090206
이사랑,"470,105",0.0261357,-0.042060876
김달중,"467,697",0.02599891,-0.043895192
임필성,"465,749",0.025888251,-0.045379099
채드 스타헬스키,"465,615",0.025880639,-0.045481174
안상훈,"465,492",0.025873652,-0.045574871
제임스 매더스,"462,176",0.025685282,-0.048100863
스테판 St. 레게르,"462,176",0.025685282,-0.048100863
임진순,"459,020",0.025506001,-0.050504975
박흥식,"458,197",0.025459221,-0.051132283
조용선,"451,669",0.025088418,-0.056104665
조원희,"450,374",0.025014853,-0.057091143
톰 티크베어,"449,071",0.024940835,-0.058083715
라인하드 클루스,"448,288",0.024896355,-0.058680172
애덤 로비텔,"446,983",0.024822204,-0.059674522
세딕 니콜라스 트로얀,"445,009",0.024710087,-0.06117798
사이먼 웨스트,"444,045",0.024655326,-0.061912315
허인무,"436,257",0.024212918,-0.067844894
양경모,"433,825",0.024074765,-0.069697492
에드가 라이트,"433,576",0.024060592,-0.069887551
이정범,"430,642",0.023893922,-0.072122552
김석원,"429,569",0.023832997,-0.072939538
김동빈,"425,972",0.023628665,-0.075679586
이윤정,"425,799",0.023618837,-0.07581137
시즈노 코분,"424,736",0.023558433,-0.076621374
반종 피산다나쿤,"423,911",0.023511587,-0.077249571
김진무,"423,026",0.023461313,-0.077923727
프랭키 첸,"417,147",0.02312732,-0.082402489
오승욱,"414,626",0.022984139,-0.084322503
월트 도른,"414,063",0.022952129,-0.084751754
제레미 드그루손,"412,526",0.022864865,-0.085921943
유재운,"410,131",0.022728795,-0.08774661
캐리 주스넌,"407,264",0.022565931,-0.089930573
이도윤,"404,456",0.022406419,-0.092069592
홍의정,"403,326",0.022342228,-0.092930379
캐시 얀,"401,411",0.022233443,-0.094389148
김성호,"399,292",0.022113071,-0.096003315
조진모,"398,580",0.022072625,-0.096545688
알렉세이 트시칠린,"398,053",0.022042707,-0.096946881
타치카와 유즈루,"395,408",0.021892435,-0.098961987
윌 글럭,"388,300",0.021488655,-0.10437657
문제용,"387,409",0.021438041,-0.105055297
롭 민코프,"385,552",0.021332551,-0.106469884
김성제,"383,332",0.021206441,-0.108160988
마이크 미첼,"382,036",0.021132792,-0.109148609
릴리 워쇼스키,"379,400",0.020983078,-0.111156225
엔리코 카사로사,"371,572",0.020538398,-0.117119274
이지원,"369,430",0.020416719,-0.118750962
샘 테일러-존슨,"364,415",0.020131835,-0.122571183
팀 존슨,"360,556",0.019912619,-0.125510811
마이클 도허티,"359,041",0.019826558,-0.126664876
클린트 이스트우드,"357,720",0.019751535,-0.127670906
댄 트라첸버그,"356,976",0.019709253,-0.128237908
토비 젠켈,"355,357",0.019617302,-0.129470942
롭 라이너,"354,601",0.019574337,-0.130047086
정식,"351,830",0.019416927,-0.13215792
이주영,"351,276",0.019385456,-0.132579934
정세교,"351,162",0.01937898,-0.132666775
스파이크 존즈,"351,091",0.019374947,-0.13272086
샘 레이미,"350,563",0.019344953,-0.133123068
호거 태프,"348,534",0.019229665,-0.134669058
존 터틀타웁,"348,235",0.01921268,-0.134896824
이용승,"347,790",0.019187429,-0.135235426
존 R. 레오네티,"345,027",0.019030473,-0.137340166
타셈 싱,"343,639",0.018951598,-0.138397869
뤽 베송,"340,489",0.018772665,-0.140797314
에이슬링 월쉬,"334,423",0.018428099,-0.145417858
정익환,"334,323",0.018422418,-0.145494034
서유민,"332,993",0.018346865,-0.146507174
"김선,김곡,민규동","331,760",0.018276823,-0.147446423
크리스토퍼 스펜서,"329,029",0.018121685,-0.149526786
폴 티비트,"325,016",0.017893721,-0.152583725
주지홍,"324,420",0.017859864,-0.153037734
닐 마샬,"323,098",0.017784766,-0.154044779
카를로스 로페즈 에스트라다,"321,484",0.017693081,-0.155274258
하기호,"320,923",0.017661213,-0.155701605
폴 킹,"320,503",0.017637354,-0.156021543
더그 스윗랜드,"320,353",0.017628833,-0.156135807
니콜라스 스톨러,"320,353",0.017628833,-0.156135807
알렉상드르 헤보얀,"319,072",0.017556064,-0.157111621
베노이트 필립폰,"319,072",0.017556064,-0.157111621
안톤 후쿠아,"318,046",0.017497767,-0.157893376
박범수,"316,780",0.017425864,-0.158857572
라나 워쇼스키,"316,693",0.017420941,-0.158923591
에드워드 즈윅,"316,388",0.017403596,-0.159156182
론 하워드,"316,240",0.01739516,-0.159269303
크리스토프 갱스,"315,348",0.017344517,-0.159948411
성룡,"315,305",0.017342074,-0.159981167
김봉한,"314,474",0.017294887,-0.160613934
로버츠 개너웨이,"311,456",0.017123427,-0.162913177
피터 패럴리,"311,230",0.01711056,-0.163085715
우시로 신지,"307,873",0.016919908,-0.165642305
이성태,"307,122",0.016877228,-0.16621464
윤영빈,"306,422",0.016837464,-0.166747872
방수인,"306,126",0.016820649,-0.166973352
오기환,"304,461",0.016726066,-0.168241681
스튜어트 베티,"298,983",0.016414881,-0.172414597
타카하시 시게하루,"298,926",0.016411662,-0.172457763
웨스 앤더슨,"298,520",0.01638858,-0.172767291
윌 핀,"298,298",0.016375969,-0.172936402
댄 세인트 피에르,"298,298",0.016375969,-0.172936402
남대중,"297,493",0.016330239,-0.173549618
오키우라 히로유키,"295,189",0.016199358,-0.17530471
에릭슨 코어,"294,320",0.016149993,-0.175966679
김윤석,"293,258",0.016089665,-0.176775667
야기 류이치,"292,914",0.016070095,-0.177038093
미카엘 하프스트롬,"292,655",0.01605541,-0.177235008
크리스티안 디터,"292,430",0.016042629,-0.177406403
월트 벡커,"289,645",0.015884423,-0.179527902
로버트 페르난데스,"288,774",0.015834945,-0.180191394
홍승완,"288,113",0.015797396,-0.180694917
이두환,"288,016",0.015791886,-0.180768807
요네바야시 히로마사,"286,268",0.015692588,-0.182100362
린 사우더랜드,"284,755",0.01560664,-0.183252903
오토 바서스트,"284,601",0.015597892,-0.183370214
존 카프카,"283,300",0.015523987,-0.184361263
최윤석,"283,300",0.015523987,-0.184361263
롭 마샬,"283,021",0.015508138,-0.184573794
이덕희,"281,984",0.01544923,-0.185363738
김지영,"280,671",0.015374643,-0.186363927
손석우,"278,914",0.015274834,-0.187702338
로아 우타우,"278,150",0.015231434,-0.188284322
제임스 마쉬,"278,015",0.015223765,-0.188387159
장예모,"277,692",0.015205417,-0.188633207
카메론 크로우,"276,334",0.015128274,-0.189667676
블라드 바르베,"274,229",0.015008696,-0.191271179
막심 스베쉬니코브,"274,229",0.015008696,-0.191271179
조쉬 분,"273,810",0.014984913,-0.191590102
고어 버빈스키,"273,738",0.014980776,-0.191645583
앤드류 하얏트,"272,749",0.014924623,-0.192398582
피터 레페니오티스,"271,088",0.014830267,-0.193663863
장윤현,"270,602",0.01480266,-0.194034078
조쉬 트랭크,"269,637",0.01474786,-0.194768922
크리스찬 리버스,"268,921",0.014707168,-0.195314595
오인천,"267,489",0.014625821,-0.196405434
마크 A.Z. 디페,"267,373",0.014619232,-0.196493798
마누엘 시실라,"266,253",0.014555609,-0.197346968
우디 알렌,"266,021",0.014542401,-0.197524077
수잔나 포겔,"264,766",0.014471138,-0.198479704
엄태화,"263,869",0.014420154,-0.199163382
데오도르 멜피,"263,630",0.014406577,-0.199345443
박준수,"260,926",0.014252982,-0.201405112
로버트 저메키스,"259,211",0.014155597,-0.202711021
스티브 맥퀸,"257,916",0.014081986,-0.203698134
권형진,"257,716",0.014070653,-0.203850105
유야마 쿠니히코,"256,625",0.014008666,-0.204681336
안젤리나 졸리,"256,475",0.014000156,-0.204795447
이민재,"256,202",0.013984648,-0.205003408
아담 윈가드,"253,442",0.013827843,-0.207106116
이호재,"252,973",0.01380122,-0.207463127
요르겐 레르담,"250,708",0.013672525,-0.209188892
이경미,"250,650",0.013669259,-0.209232694
홍석재,"248,215",0.013530935,-0.211087577
베리 쿡,"244,339",0.013310773,-0.214039901
닐 나이팅게일,"244,339",0.013310773,-0.214039901
스콧 프랭크,"242,707",0.013218046,-0.215283345
플렉스 할그렌,"240,990",0.013120509,-0.216591285
김제영,"240,740",0.013106308,-0.216781725
아비 콘,"240,148",0.013072678,-0.217232686
마이클 수치,"239,483",0.013034902,-0.217739256
캘리 애스버리,"238,637",0.012986816,-0.218384085
이안규,"238,587",0.012984004,-0.218421792
야마모토 야스이치로,"237,162",0.012903069,-0.219507108
올리비에 다한,"237,147",0.012902203,-0.219518725
필 로드,"236,129",0.012844374,-0.220294196
오치아이 마사유키,"235,813",0.012826394,-0.220535292
아론 실먼,"235,688",0.012819322,-0.220630131
레온 주센,"235,688",0.012819322,-0.220630131
클레이 홀,"233,563",0.012698609,-0.222248869
애쉬 브래넌,"233,283",0.012682703,-0.222462162
박지완,"233,112",0.012672989,-0.222592423
스테파노 솔리마,"229,542",0.01247019,-0.225311902
이은희,"229,059",0.012442753,-0.225679832
임대웅,"228,181",0.012392848,-0.226349037
드류 고다드,"228,090",0.012387707,-0.226417976
헤랄드 지페르만,"227,586",0.012359077,-0.226801903
개빈 후드,"227,544",0.01235671,-0.226833643
저스틴 커젤,"227,037",0.01232789,-0.227220108
줄리오 소토 거피드,"226,933",0.012321982,-0.227299331
조엘 크로포드,"226,358",0.012289319,-0.227737343
카메가키 하지메,"225,842",0.012260007,-0.22813041
홍헌표,"225,758",0.012255235,-0.228194398
조슈아 마이클 스턴,"225,146",0.012220469,-0.228660595
박명랑,"224,891",0.012205984,-0.228854843
나가오카 치카,"224,875",0.012205075,-0.228867031
니콜라이 퓰시,"223,740",0.0121406,-0.229731628
레오 가브리아제,"219,678",0.011909852,-0.232825893
쿠엔틴 타란티노,"219,272",0.01188677,-0.233135421
이윤기,"217,896",0.011808595,-0.234183728
홍기선,"217,803",0.01180334,-0.234254191
구자홍,"217,493",0.01178573,-0.234490336
최상훈,"217,444",0.011782947,-0.234527662
아담 맥케이,"217,203",0.011769275,-0.234710992
휴 웰치맨,"216,902",0.011752129,-0.234940916
도로타 코비엘라,"216,902",0.011752129,-0.234940916
미야모토 히로아키,"216,861",0.011749829,-0.234971768
폴 앤드류 윌리엄스,"216,852",0.011749317,-0.234978624
요코이 타케시,"215,203",0.011655644,-0.236234764
일라이 로스,"215,029",0.011645759,-0.23636731
다니엘 에스피노사,"214,918",0.011639454,-0.236451865
사카모토 코이치,"212,368",0.011494598,-0.238394351
김아론,"212,154",0.011482441,-0.238557367
알폰소 고메즈-레존,"210,945",0.011413762,-0.239478334
배형준,"210,278",0.011375872,-0.239986427
로버트 렌스,"209,120",0.011310091,-0.240868544
타카하시 와타루,"207,478",0.011216833,-0.242119098
전형준,"206,953",0.011186991,-0.242519276
야지마 테츠오,"204,303",0.011036426,-0.244538318
이수진,"204,118",0.011025945,-0.244678862
제임스 폴리,"203,703",0.011002342,-0.244995373
마이클 쿠에스타,"203,221",0.01097499,-0.24536216
론 쉐르픽,"202,805",0.010951358,-0.245679052
에릭 섬머,"201,365",0.010869557,-0.246775985
에릭 와린,"201,365",0.010869557,-0.246775985
비욘 스테인,"200,038",0.010794175,-0.247786839
만스 말린드,"200,038",0.010794175,-0.247786839
임경택,"197,134",0.010629209,-0.249998987
마틴 스코세이지,"194,773",0.010495075,-0.251797691
전인환,"193,578",0.010427206,-0.252707802
오성윤,"193,484",0.010421866,-0.252779407
이춘백,"193,484",0.010421866,-0.252779407
바비 패럴리,"192,726",0.010378807,-0.253356821
히로키 류이치,"191,880",0.010330749,-0.254001269
제임스 그레이,"191,757",0.010323743,-0.254095219
야마자키 타카시,"190,658",0.010261303,-0.254932519
필립 드 쇼브홍,"190,384",0.010245766,-0.25514086
서럽 밴 오먼,"188,365",0.010131074,-0.256678852
대니 보일,"187,160",0.010062594,-0.257597152
윤준상,"186,324",0.010015133,-0.258233602
최승호,"185,827",0.009986919,-0.258611942
정진영,"185,653",0.009977016,-0.258744742
하시모토 마사카즈,"185,560",0.009971704,-0.258815966
호소다 마모루,"182,966",0.009824391,-0.260791398
릭 로먼 워,"182,837",0.009817049,-0.260889855
얀 리벡,"180,618",0.009690996,-0.262580198
브라이언 헬겔랜드,"180,082",0.009660547,-0.262988501
멜 깁슨,"177,601",0.009519611,-0.264878425
배리 젠킨스,"177,483",0.009512908,-0.264968313
조영준,"175,889",0.009422358,-0.266182557
김기덕,"175,798",0.00941716,-0.266252258
박중훈,"175,152",0.009380492,-0.266743973
케빈 레이놀즈,"175,146",0.009380151,-0.266748544
박용집,"174,938",0.009368335,-0.266906989
후안 디에고 솔라나스,"174,879",0.009364984,-0.266951933
김유성,"172,212",0.009213481,-0.268983544
마이크 플래너건,"171,203",0.009156149,-0.26975235
존 건,"170,796",0.009133043,-0.270062195
토드 헤인즈,"170,678",0.009126312,-0.270152464
석민우,"169,855",0.009079589,-0.27077901
딘 이스라엘리트,"169,442",0.009056128,-0.271093617
박태동,"169,352",0.009050987,-0.271162556
도미닉 쿡,"169,269",0.009046272,-0.271225782
쯔씽 쫑,"169,257",0.009045618,-0.271234542
캘런 브런커,"168,969",0.009029258,-0.271453929
라세 할스트롬,"167,779",0.008961673,-0.272360232
고정욱,"167,333",0.008936323,-0.272700167
마스이 소이치,"166,956",0.008914907,-0.27298735
다카하시 아츠시,"166,252",0.008874915,-0.273523628
조 카나한,"165,845",0.008851767,-0.273834045
쿠스바 고조,"165,640",0.00884015,-0.273989824
크리스 고락,"162,604",0.008667686,-0.276302525
로베르트 슈벤트케,"162,559",0.00866511,-0.276337058
제프 와드로,"161,892",0.008627211,-0.276845278
니마 누리자데,"161,382",0.008598268,-0.277233394
쿄고쿠 타카히코,"161,150",0.008585089,-0.277410122
김덕수,"161,082",0.008581226,-0.277461922
트레버 월,"160,860",0.008568615,-0.277631032
장 필립 바인,"160,005",0.008520046,-0.278282336
옥타비오 E. 로드리게즈,"160,005",0.008520046,-0.278282336
사라 스미스,"160,005",0.008520046,-0.278282336
프라파스 콜사라논,"157,972",0.008404559,-0.279830992
사카키바라 모토노리,"156,696",0.008332045,-0.280803378
정용주,"156,249",0.008306653,-0.281143884
찰리 빈,"154,966",0.008233799,-0.28212084
제임스 맥티그,"153,278",0.008137909,-0.283406689
데이빗 P.스미스,"152,159",0.008074343,-0.284259097
닐 버거,"152,009",0.008065794,-0.284373742
세스 맥팔레인,"151,531",0.008038688,-0.284737228
브래드 퍼맨,"151,476",0.008035544,-0.284779379
김현주,"151,360",0.008028955,-0.284867743
전수경,"150,119",0.007958458,-0.285813086
데이빗 O. 러셀,"149,883",0.007945052,-0.285992861
크리스 맥케이,"148,760",0.007881258,-0.286848316
시모사와 신타로,"148,512",0.00786717,-0.287037232
로저 도널드슨,"148,495",0.007866205,-0.287050182
그렉 티어넌,"148,376",0.007859445,-0.287140832
신동엽,"147,669",0.007819297,-0.287679205
발타자르 코루마쿠르,"147,418",0.007805024,-0.287870597
야마다 나오코,"147,015",0.007782131,-0.288177585
김보라,"146,665",0.007762249,-0.288444201
이경호,"145,936",0.007720837,-0.288999523
츠키카와 쇼,"144,842",0.007658705,-0.289832697
필리다 로이드,"144,338",0.007630061,-0.290216814
오멸,"143,490",0.007581889,-0.290862786
나딘 라바키,"142,622",0.007532581,-0.291523993
후안 호세 캄파넬라,"142,577",0.007530025,-0.291558272
윤재구,"142,405",0.007520254,-0.291689294
이달,"141,592",0.00747407,-0.292308604
고동우,"141,592",0.00747407,-0.292308604
실뱅 쇼메,"141,480",0.007467708,-0.292393921
키무라 류이치,"141,025",0.007441861,-0.292740522
리차드 링클레이터,"140,916",0.00743565,-0.292823807
이한욱,"140,849",0.007431863,-0.292874591
임권택,"140,616",0.007418627,-0.293052081
벤 애플렉,"140,522",0.007413287,-0.293123687
알렉스 스타더만,"139,689",0.007365968,-0.293758232
히라야마 미호,"138,118",0.007276725,-0.294954955
유선동,"137,294",0.007229917,-0.295582645
러셀 크로우,"136,134",0.007164021,-0.296466285
류정우,"135,478",0.007126756,-0.296965999
팀 스토리,"135,362",0.007120167,-0.297054363
빈센트 케스텔루트,"135,094",0.007104943,-0.297258514
아리 애스터,"132,600",0.006963267,-0.299158341
데이빗 토히,"132,059",0.006932535,-0.299570453
신재영,"129,732",0.006800347,-0.301343066
토니 밴크로프트,"129,246",0.006772739,-0.301713281
스티븐 크보스키,"128,735",0.006743711,-0.30210254
데이브 그린,"127,175",0.006655065,-0.303291265
존 웰스,"127,088",0.006650122,-0.303357538
리 다니엘스,"126,870",0.006637767,-0.30352322
이나정,"126,443",0.006613511,-0.303848491
엔리케 가토,"125,032",0.006533328,-0.304923714
알베르토 로드리게즈,"124,112",0.006481095,-0.305624151
니키 카로,"123,902",0.006469166,-0.305784121
이마이 카즈아키,"123,206",0.006429628,-0.306314305
홍주연,"123,036",0.006419971,-0.306443804
홍현정,"123,036",0.006419971,-0.306443804
최재훈,"122,582",0.006394181,-0.306789643
양정웅,"122,469",0.006387762,-0.306875721
조 라이트,"122,402",0.006383975,-0.306926505
임대형,"122,243",0.006374924,-0.307047879
테라모토 유키요,"122,172",0.006370891,-0.307101964
브렉 에이즈너,"122,039",0.006363335,-0.307203278
레니 할린,"121,839",0.006351946,-0.30735601
제이 로치,"119,089",0.006195728,-0.309450848
엘레노어 코폴라,"118,985",0.006189849,-0.30952969
롭 코헨,"118,860",0.006182748,-0.30962491
미셀 하자나비시우스,"118,836",0.006181385,-0.309643192
제프 파울러,"118,725",0.006175079,-0.309727747
닉 파크,"118,612",0.00616866,-0.309813826
야쿠와 신노스케,"118,221",0.006146449,-0.310111674
데릭 보트,"118,112",0.006140257,-0.310194705
카밀 들라마레,"118,079",0.006138354,-0.310220224
카와무라 토모히로,"117,465",0.006103503,-0.310687563
코모리 요시히로,"117,465",0.006103503,-0.310687563
이토 토모히코,"117,401",0.006099868,-0.310736316
브라이언 테일러,"117,263",0.006092028,-0.310841439
마크 네빌딘,"117,263",0.006092028,-0.310841439
덱스터 플레처,"115,423",0.005987486,-0.312243329
루카 구아다니노,"114,924",0.00595913,-0.312623574
지미 헤이워드,"113,795",0.005895024,-0.313483219
오오스기 요시히로,"113,404",0.005872812,-0.313781067
신연식,"111,927",0.005788909,-0.314906185
사준의,"111,541",0.005766982,-0.315200224
리처드 글랫저,"111,008",0.005736704,-0.315606241
이호경,"110,512",0.005708528,-0.315984074
니테쉬 티와리,"109,441",0.005647689,-0.316799917
야마구치 켄타로,"108,896",0.005616729,-0.317215076
데이빗 고든 그린,"108,780",0.00561014,-0.31730344
야론 질버만,"108,317",0.005583838,-0.317656135
조슬예,"108,122",0.005572761,-0.317804678
필립 노이스,"107,567",0.005541234,-0.318227454
윌리엄 유뱅크,"107,513",0.005538138,-0.31826897
제임스 왓킨스,"106,747",0.005494624,-0.318852477
정주리,"106,511",0.005481246,-0.319031871
피터 쿠센스,"106,241",0.005465908,-0.319237546
권오승,"106,012",0.0054529,-0.319411989
미야자키 하야오,"105,650",0.005432336,-0.319687746
스캇 워프,"105,340",0.005414726,-0.319923891
김익로,"104,736",0.005380415,-0.320383993
김종관,"104,117",0.005345252,-0.320855522
나오미 포너,"103,625",0.005317303,-0.321230308
최종태,"103,534",0.005312134,-0.321299628
조경훈,"103,251",0.005296057,-0.321515206
애드리언 그런버그,"103,199",0.005293104,-0.321554817
케빈 콜쉬,"102,826",0.005271915,-0.321838953
데니스 위드미어,"102,826",0.005271915,-0.321838953
딜런 브라운,"102,715",0.005265609,-0.321923508
강지은,"102,223",0.005237661,-0.322298294
김준성,"102,170",0.00523465,-0.322338667
김진원,"101,913",0.005220051,-0.322534439
한스 페터 몰란트,"101,694",0.00520761,-0.322701264
안소니 스타치,"101,665",0.005205963,-0.322723355
그레이엄 애나블,"101,665",0.005205963,-0.322723355
알렉산더 페인,"101,659",0.005205622,-0.322727926
왕가위,"101,461",0.005194374,-0.322878754
신재호,"101,173",0.005178014,-0.323098141
피에르 모렐,"100,782",0.005155774,-0.323396369
와타나베 카츠야,"100,054",0.005114448,-0.323950549
데이비드 비스바노,"98,575",0.005030431,-0.325077191
제임스 드모나코,"98,504",0.005026369,-0.325131656
척 파워스,"98,495",0.005025886,-0.325138131
이경섭,"97,849",0.004989189,-0.325630228
김하라,"97,580",0.004973909,-0.325835141
마틴 맥도나,"97,079",0.004945449,-0.326216782
임아론,"97,005",0.004941245,-0.326273152
마리나 네페도바,"96,495",0.004912274,-0.326661649
이근우,"96,079",0.004888642,-0.326978541
백승화,"95,542",0.004858137,-0.327387605
백승빈,"95,415",0.004850923,-0.327484349
고문안,"94,767",0.004814112,-0.327977969
줄리아 폰 하인츠,"94,243",0.004784346,-0.32837713
세르지오 델피노,"94,179",0.00478071,-0.328425883
노엘 클리어리,"94,179",0.00478071,-0.328425883
필립 립스키,"94,151",0.00477912,-0.328447212
이미영,"94,030",0.004772246,-0.328539385
피터 스피어이그,"93,819",0.004760231,-0.328700497
마이클 스피어리그,"93,819",0.004760231,-0.328700497
심덕근,"93,656",0.004751,-0.328824283
요르고스 란티모스,"93,426",0.004737935,-0.328999487
위고 젤랭,"93,311",0.004731402,-0.32908709
크리스토프 라우엔슈타인,"93,000",0.004713735,-0.329323997
울프강 라우엔슈타인,"93,000",0.004713735,-0.329323997
로버트 뷔드로,"92,729",0.004698341,-0.329530434
저스틴 밸도니,"92,713",0.004697432,-0.329542622
세르게이 보드로프,"92,598",0.004690899,-0.329630224
윤학렬,"92,404",0.004679879,-0.329778005
토마스 맥카시,"92,321",0.004675164,-0.329841231
닛타 노리오,"91,719",0.004640966,-0.33029981
크리스토퍼 젠킨스,"91,430",0.004624549,-0.330519958
존 레쿼,"91,164",0.004609439,-0.330722586
글렌 피카라,"91,164",0.004609439,-0.330722586
이시즈카 아츠코,"90,718",0.004584103,-0.331062331
루퍼트 굴드,"89,719",0.004527354,-0.331823328
데이빗 야로베스키,"89,429",0.00451088,-0.332044238
어네스토 파드롱,"89,358",0.004506847,-0.332098323
마츠오카 조지,"89,108",0.004492645,-0.332288763
하네스 홀름,"89,103",0.004492361,-0.332292572
줄리앙 마그넷,"88,977",0.004485203,-0.332388553
브래드 앤더슨,"88,953",0.00448384,-0.332406835
일리야 나이슐러,"88,749",0.004472223,-0.332562615
마브룩 엘 메크리,"88,522",0.004459356,-0.332735154
이기욱,"88,199",0.004441008,-0.332981202
조석현,"88,054",0.004432771,-0.333091657
아담 쉥크만,"87,915",0.004424875,-0.333197541
크리스 로핑,"87,301",0.004389996,-0.333665261
트래비스 클러프,"87,301",0.004389996,-0.333665261
토마스 알프레드슨,"87,155",0.004381702,-0.333776478
송원근,"87,139",0.004380793,-0.333788666
존 스티븐슨,"86,784",0.004360627,-0.334059091
브렛 래트너,"86,528",0.004346085,-0.334254101
션 베이커,"86,406",0.004339154,-0.334347036
사토 신스케,"86,328",0.004334742,-0.334406199
이원재,"86,293",0.004332735,-0.334433114
마크 버튼,"85,568",0.00429155,-0.33498539
리처드 스타잭,"85,568",0.00429155,-0.33498539
순리준,"85,184",0.004269737,-0.335277905
주동,"84,442",0.004227587,-0.33584313
대몽영,"84,442",0.004227587,-0.33584313
대런 린 보우즈만,"84,389",0.004224547,-0.335883884
고레에다 히로카즈,"83,656",0.00418292,-0.33644209
마이클 메이슨,"83,474",0.004172598,-0.336580513
이승원,"83,275",0.004161293,-0.336732103
켈리 프레몬,"83,258",0.004160328,-0.336745053
리차드 라그라브네스,"82,995",0.004145388,-0.336945395
프랭크 밀러,"82,571",0.004121302,-0.337268381
마크 윌리엄스,"82,388",0.004110906,-0.337407783
이동희,"82,148",0.004097273,-0.337590605
딩성,"82,125",0.004095966,-0.337608126
노규엽,"81,722",0.004073073,-0.337915115
J 블레이크슨,"81,606",0.004066455,-0.33800386
레자 메마리,"81,136",0.004039785,-0.338361505
워시 웨스트모어랜드,"81,079",0.004036518,-0.338405307
박규택,"80,989",0.004031434,-0.338473484
사이먼 커티스,"80,922",0.0040276,-0.338524903
오리올 파울로,"80,507",0.004004053,-0.338840652
미카엘 하네케,"80,345",0.003994851,-0.338964057
데이빗 맥킨지,"79,812",0.003964573,-0.339370074
댄 마저,"79,701",0.003958268,-0.33945463
마누크 데포얀,"79,446",0.003943782,-0.339648878
아리 포신,"79,179",0.003928615,-0.339852268
알렉산더 아야,"79,056",0.003921599,-0.339946345
안병기,"79,017",0.003919412,-0.339975673
우디 앨런,"78,951",0.003915682,-0.340025695
블라디미르 토로프킨,"78,440",0.003886635,-0.340415208
데이빗 코엡,"78,070",0.003865616,-0.340697058
알렉스 가랜드,"78,049",0.003864423,-0.340713055
드류 피어스,"77,794",0.003849938,-0.340907304
이선명,"77,786",0.003849483,-0.340913398
김상진,"77,621",0.00384011,-0.341039088
닉 카사베츠,"77,341",0.003824205,-0.341252381
박호찬,"76,746",0.003790405,-0.341705627
박수진,"76,746",0.003790405,-0.341705627
피터 첼섬,"76,513",0.003777169,-0.341883117
윌리엄 H. 머시,"76,343",0.003767512,-0.342012616
조근식,"76,321",0.003766262,-0.342029375
로도 사야구에즈,"76,265",0.003763081,-0.342072033
스튜어트 하젤딘,"75,657",0.003728543,-0.342535183
이인항,"75,600",0.003725276,-0.342578984
엘리자베스 뱅크스,"75,598",0.003725191,-0.342580127
제이슨 라이트맨,"75,349",0.003711018,-0.342770185
조림산,"75,297",0.003708092,-0.342809416
레오 로,"74,143",0.003642538,-0.343688486
존 걸레거,"74,044",0.003636914,-0.3437639
스틸즈 화이트,"73,549",0.003608795,-0.344140971
빌 어거스트,"73,462",0.003603853,-0.344207244
홍지유,"73,298",0.003594536,-0.344332172
앤소니 마라스,"72,950",0.003574768,-0.344597264
이창근,"72,761",0.003564031,-0.344741237
장 마크 발레,"72,424",0.003544907,-0.344997696
안나 포에스터,"72,071",0.003524835,-0.345266851
앤서니 실버스톤,"72,046",0.003523415,-0.345285895
안드레스 G. 슈에,"71,796",0.003509213,-0.345476334
제임스 폰솔트,"71,362",0.003484559,-0.345806938
마우리시오 드 라 오르타,"71,330",0.003482741,-0.345831314
이영준,"71,042",0.003466389,-0.346050592
윤은경,"70,019",0.003408268,-0.34682998
김태용,"69,872",0.003399918,-0.346941959
게빈 오코너,"69,529",0.003380433,-0.347203242
켄시 후시하라,"69,442",0.003375491,-0.347269515
토마스 자보,"69,135",0.003358051,-0.347503375
헬레네 지라드,"69,135",0.003358051,-0.347503375
더글라스 맥그래스,"69,047",0.003353053,-0.34757041
엔조 달로,"68,711",0.003333966,-0.347826361
미키 타카히로,"68,553",0.00332499,-0.347946719
"김유정,배현지","68,312",0.0033113,-0.348130303
김성홍,"68,312",0.0033113,-0.348130303
하나부사 츠토무,"67,539",0.003267389,-0.348719142
유영선,"67,368",0.003257675,-0.348849403
한승우,"67,319",0.003254891,-0.348886729
와타다 신야,"67,027",0.003238304,-0.349109163
채두병,"66,883",0.003230124,-0.349218856
데이빗 프랭클,"66,702",0.003219813,-0.349357115
사라 폴리,"66,650",0.003216888,-0.349396346
피터 클라릿지,"66,562",0.003211889,-0.349463381
앤드류 코헨,"66,528",0.003209929,-0.349489661
니티왓 다라톤,"66,319",0.003198085,-0.349648488
니콜라스 베도스,"65,975",0.003178543,-0.349910533
데이빗 닉슨,"65,887",0.003173544,-0.349977568
티모시 렉카트,"65,460",0.003149288,-0.350302839
레니 에이브러햄슨,"65,371",0.003144204,-0.350371017
캐서린 비글로우,"64,937",0.003119578,-0.350701239
가스 데이비스,"64,747",0.003108757,-0.350846354
다라 오코넬,"64,717",0.003107092,-0.350868674
나가미네 타츠야,"64,554",0.003097822,-0.350992993
야마시타 히로유키,"64,159",0.003075383,-0.351293888
파올로 소렌티노,"63,720",0.003050445,-0.3516283
션 헤이더,"63,541",0.003040277,-0.351764655
장재혁,"63,279",0.003025393,-0.351964235
알렉산더 바흐,"63,073",0.003013691,-0.352121158
타다 슌스케,"62,393",0.002975063,-0.352639154
신상민,"61,938",0.002949216,-0.352985754
스티븐 프리어스,"61,528",0.002925925,-0.353298075
안노 히데아키,"61,423",0.002919961,-0.35337806
이시다테 타이치,"60,762",0.002882412,-0.353881583
앙티 하이칼라,"60,485",0.002866676,-0.35409259
미야오 요시카즈,"60,374",0.002860343,-0.354177526
권혁만,"60,208",0.002850941,-0.354303597
김지열,"59,923",0.002834751,-0.354520699
엽위신,"59,821",0.002828957,-0.354598398
헤 질리,"59,625",0.002817804,-0.354747957
가네다 오사무,"59,611",0.002817028,-0.354758367
게일 맨쿠소,"59,397",0.002804871,-0.354921384
고로 사쿠라,"59,375",0.002803621,-0.354938143
이상호,"59,052",0.002785254,-0.355184445
전고운,"58,653",0.002762607,-0.355488133
제니 게이지,"58,645",0.002762153,-0.355494227
니콜라이 아르셀,"58,638",0.002761727,-0.35549994
스도 토모노리,"58,522",0.002755166,-0.355587923
이주훈,"58,027",0.002727046,-0.355964994
김동민,"58,027",0.002727046,-0.355964994
제니퍼 웨스트콧,"57,674",0.002706994,-0.356233895
장 피에르 아메리스,"57,652",0.002705744,-0.356250653
자코 반 도마엘,"57,426",0.002692906,-0.356422811
장춘,"57,388",0.002690747,-0.356451758
양선,"57,388",0.002690747,-0.356451758
올리버 히르비겔,"56,872",0.002661435,-0.356844825
박정오,"56,835",0.002659333,-0.35687301
크리스티앙 볼크만,"56,787",0.002656606,-0.356909575
에스벤 토프트 야콥슨,"56,730",0.00265334,-0.356953376
모리와키 마코토,"56,539",0.002642519,-0.357098491
댄 포겔맨,"56,515",0.002641155,-0.357116773
나가이시 다카오,"56,420",0.002635759,-0.35718914
도노반 마시,"56,350",0.002631782,-0.357242463
피터 시걸,"56,282",0.002627919,-0.357294263
댄 길로이,"55,892",0.002605765,-0.357591349
윌리엄 브렌트 벨,"55,875",0.002604799,-0.357604299
조이 주,"55,804",0.002600766,-0.357658384
최경석,"55,619",0.002590257,-0.357799309
노나카 카즈미,"55,619",0.002590257,-0.357799309
벤 차오,"55,355",0.00257526,-0.358000414
조셀린 무어하우스,"55,330",0.00257384,-0.358019458
변진호,"55,227",0.002567989,-0.358097919
존 힐코트,"55,153",0.002563756,-0.35815467
그레고리 플로킨,"54,972",0.002553503,-0.358292167
올레말라므,"54,609",0.002532882,-0.358568686
김성기,"54,410",0.002521578,-0.358720276
유영의,"54,004",0.002498514,-0.35902955
제이미 미첼,"53,969",0.002496526,-0.359056212
케네스 로너건,"53,779",0.002485733,-0.359200946
니샤 가나트라,"53,684",0.002480336,-0.359273313
넬슨 신,"53,576",0.002474201,-0.359355583
데이빗 로워리,"53,229",0.002454489,-0.359619913
세드릭 클래피쉬,"53,175",0.002451422,-0.359661048
저스틴 채드윅,"53,121",0.002448354,-0.359702183
최진성,"52,903",0.002435956,-0.359868437
테일러 쉐리던,"52,867",0.002433926,-0.35989567
히즈엠티 선교회,"52,852",0.002433073,-0.359907096
코바야시 츠네오,"52,816",0.002431028,-0.35993452
노아 바움백,"52,677",0.002423151,-0.36004015
허준형,"52,618",0.002419781,-0.360085348
홍준표,"52,454",0.002410465,-0.360210276
니아 다코스타,"52,340",0.002403989,-0.360297117
우시지마 신이치로,"52,161",0.00239382,-0.360433472
윤가은,"52,155",0.002393479,-0.360438042
니키 팰런,"51,884",0.002378085,-0.360644479
소피아 코폴라,"51,867",0.002377119,-0.360657429
토가시 신,"51,637",0.002364054,-0.360832634
아리엘 브로멘,"51,600",0.002361952,-0.360860819
토니 탕,"51,553",0.002359282,-0.360896621
로드 루리,"51,381",0.002349511,-0.361027644
전윤수,"51,207",0.002339627,-0.36116019
켄 콰피스,"51,151",0.002336446,-0.361202848
에릭 라티고,"51,113",0.002334306,-0.361231541
김조광수,"50,905",0.002322471,-0.361390241
매티스 반 헤이닌겐 주니어,"50,839",0.002318722,-0.361440517
존 매든,"50,803",0.002316677,-0.361467941
제이슨 자다,"50,631",0.002306907,-0.361598963
추상미,"50,545",0.002302021,-0.361664474
김상만,"50,514",0.00230026,-0.361688089
안해룡,"50,288",0.002287422,-0.361860246
이동하,"50,196",0.002282196,-0.361930328
박은경,"50,196",0.002282196,-0.361930328
로완 조페,"50,098",0.002276629,-0.362004981
로드리고 코르테스,"49,925",0.002266801,-0.362136765
강유선,"49,751",0.002256917,-0.362269311
김진묵,"49,682",0.002252997,-0.362321872
압델라티프 케시시,"49,374",0.002235501,-0.362556494
디에터 버너,"48,985",0.002213403,-0.362852818
브렛 설리반,"48,931",0.002210336,-0.362893953
스테판 오비에,"48,710",0.002197781,-0.363062302
"뱅상 파타,벤자민 레너","48,710",0.002197781,-0.363062302
피트 트래비스,"48,341",0.00217682,-0.363343391
고경민,"48,279",0.002173298,-0.36339062
톰 하퍼,"47,764",0.002144014,-0.363783307
송민규,"47,684",0.002139498,-0.363843867
레베카 밀러,"47,668",0.002138589,-0.363856055
조디 포스터,"47,226",0.002113481,-0.364192752
벤 루윈,"47,223",0.00211331,-0.364195038
남택수,"47,105",0.002106607,-0.364284925
증국상,"47,039",0.002102858,-0.364335201
이토 히데키,"46,913",0.0020957,-0.364431183
오오모리 타카히로,"46,913",0.0020957,-0.364431183
미미 레더,"46,854",0.002092349,-0.364476127
이성재,"46,817",0.002090247,-0.364504312
서극,"46,796",0.002089054,-0.364520309
존 에릭 도들,"46,781",0.002088202,-0.364531735
케빈 먼로,"46,638",0.002080079,-0.364640667
마대윤,"46,623",0.002079227,-0.364652093
네드 벤슨,"46,589",0.002077295,-0.364677993
신우,"46,537",0.002074322,-0.364717858
올가 로패토,"46,124",0.00205088,-0.365032211
케이트 베커-플로이랜드,"46,079",0.002048324,-0.36506649
미셸 공드리,"46,010",0.002044404,-0.365119051
플로리안 젤러,"45,900",0.002038156,-0.365202845
마츠타니 미츠에,"45,841",0.002034804,-0.365247789
우문기,"45,701",0.002026851,-0.365354435
박창진,"45,638",0.002023272,-0.365402426
마크 로렌스,"45,166",0.00199646,-0.365761976
타케우치 요시오,"44,988",0.001986348,-0.365897569
마크 펠링톤,"44,839",0.001977884,-0.366011071
스티븐 캔터,"44,750",0.001972828,-0.366078868
안드레이 콘찰로프스키,"44,677",0.001968681,-0.366134476
나가이 타츠유키,"44,581",0.001963228,-0.366207605
에릭 토스티,"44,545",0.001961183,-0.366235028
다니엘 드 필립포,"44,466",0.001956695,-0.366295207
구스타보 지아니니,"44,466",0.001956695,-0.366295207
호소다 마사히로,"44,231",0.001943346,-0.366474221
이기니오 스트라피,"44,198",0.001941471,-0.366499359
아르니 올라푸르 아스게이르손,"44,141",0.001938233,-0.366542779
셀린 시아마,"44,037",0.001932337,-0.366621849
쥬세페 토르나토레,"43,981",0.001929144,-0.36666466
히시다 마사카즈,"43,978",0.001928949,-0.366667272
안국진,"43,964",0.001928178,-0.36667761
이요섭,"43,823",0.001920169,-0.366785018
세르지오 맨피오,"43,745",0.001915709,-0.366844816
마이크 데블린,"43,627",0.001909035,-0.366934323
데이비드 헤이터,"43,613",0.001908239,-0.366944988
칸 울카이,"43,612",0.001908183,-0.366945749
조치언,"43,562",0.001905342,-0.366983837
조지 클루니,"42,962",0.00187124,-0.367441147
바실리 로벤스키,"42,914",0.001868532,-0.367477457
테레사 스트로젝,"42,879",0.001866544,-0.367504119
닐 조단,"42,742",0.001858761,-0.36760848
null,"42,739",0.001858615,-0.367610442
스비야토슬라브 우샤코프,"42,720",0.001857511,-0.367625238
앤드류 니콜,"42,708",0.00185683,-0.367634379
김일란,"42,248",0.001830699,-0.367984789
토마스 보덴스타인,"42,174",0.001826495,-0.368041159
다비드 알로,"42,144",0.00182481,-0.368063758
라즈쿠마르 히라니,"42,088",0.00182161,-0.36810667
랜달 월러스,"41,957",0.001814168,-0.36820646
헨리 유스트,"41,951",0.001813827,-0.368211031
아리엘 슐만,"41,951",0.001813827,-0.368211031
오오모리 타츠시,"41,931",0.001812691,-0.368226266
나카자와 쇼지로,"41,709",0.00180008,-0.368395377
비욘 룬게,"41,525",0.001789628,-0.36853554
바랫 낼러리,"41,416",0.001783436,-0.368618572
앤 폰테인,"41,289",0.001776221,-0.368715315
한톈,"41,138",0.001767644,-0.368830341
정미화,"41,054",0.001762872,-0.368894329
박진영,"41,054",0.001762872,-0.368894329
장성,"41,041",0.001762133,-0.368904232
나카무라 요시히로,"41,023",0.001761111,-0.368917943
제프리 나흐마노프,"40,985",0.001758952,-0.36894689
미츠나카 스스무,"40,953",0.001757134,-0.368971266
파스칼 쇼메유,"40,793",0.001748045,-0.369093148
윌 캐논,"40,519",0.001732481,-0.36930187
토니 레온디스,"40,221",0.001715552,-0.369528874
리 톨랜드 크리거,"40,096",0.001708451,-0.369624094
미키 데자키,"40,026",0.001704475,-0.369677417
나가이 아키라,"39,816",0.001692546,-0.369837386
켄 로치,"39,647",0.001682931,-0.369966314
홍상수,"39,645",0.001682838,-0.369967563
손석,"39,577",0.001678969,-0.370019447
데릭 시엔프랜스,"39,439",0.001671149,-0.370124316
더 비셔우스 브라더스,"39,266",0.001661302,-0.370256354
김상철,"39,056",0.001649373,-0.370416323
이옥섭,"38,853",0.001637841,-0.37057096
줄리언 슈나벨,"38,816",0.001635739,-0.370599145
나카무라 쇼코,"38,706",0.001629491,-0.370682939
토마스 빈터베르그,"38,604",0.001623696,-0.370760638
질스 파겟-브레너,"38,357",0.001609665,-0.370948793
커크 존스,"38,305",0.001606711,-0.370988404
안드레스 코투리어,"38,262",0.001604269,-0.37102116
에즈라 와이즈,"38,219",0.001601826,-0.371053916
이창열,"38,155",0.00159819,-0.371102668
짐 자무쉬,"37,827",0.001579529,-0.371352906
오카다 마리,"37,764",0.001575979,-0.371400516
민경조,"37,711",0.001572968,-0.371440889
박대열,"37,711",0.001572968,-0.371440889
김현탁,"37,637",0.001568765,-0.371497259
전진,"37,449",0.001558085,-0.37164047
문창용,"37,449",0.001558085,-0.37164047
리사 조이,"37,227",0.001545474,-0.37180958
아미노 테츠로,"37,112",0.001538941,-0.371897183
최윤태,"36,986",0.001531784,-0.371993164
로저 컴블,"36,962",0.00153042,-0.372011447
콤핀 켐군니르드,"36,811",0.001521843,-0.372126472
버나드 로즈,"36,808",0.001521672,-0.372128757
김명균,"36,792",0.001520763,-0.372140946
등위봉,"36,737",0.001517639,-0.372182842
존 쉬,"36,405",0.001498779,-0.372435746
해롤드 크론크,"36,367",0.001496592,-0.372465074
딩 스,"36,308",0.001493269,-0.372509637
나봇 파푸샤도,"36,265",0.001490826,-0.372542393
브라이언 클러그만,"36,068",0.001479635,-0.372692459
리 스턴탈,"36,068",0.001479635,-0.372692459
아사토 마리,"35,984",0.001474864,-0.372756447
장건재,"35,907",0.00147049,-0.372815102
배성상,"35,857",0.001467649,-0.37285319
가브리엘 리바 팔라시오 알라트리스테,"35,517",0.001448335,-0.373112188
로돌포 리바 팔라시오 알라트리스테,"35,517",0.001448335,-0.373112188
애론 우들리,"35,436",0.001443734,-0.373173891
아론 우들리,"35,436",0.001443734,-0.373173891
나루시마 이즈루,"35,429",0.001443336,-0.373179223
라스 클리브버그,"35,350",0.00143882,-0.373239783
리차드 론크레인,"35,318",0.001437031,-0.373263778
마이크 밀스,"35,296",0.001435781,-0.373280537
이환,"35,264",0.001433963,-0.373304913
구파도,"34,995",0.001418682,-0.373509826
아르튀르 크왁,"34,984",0.001418057,-0.373518206
기욤 이베르넬,"34,984",0.001418057,-0.373518206
타파스 차크라바르티,"34,899",0.001413229,-0.373582955
타케우치 히데키,"34,897",0.001413115,-0.373584479
이시다 히로야스,"34,795",0.001407321,-0.373662178
미즈노 시게노리,"34,747",0.001404594,-0.373698743
마이클 노어,"34,638",0.001398402,-0.373781774
톰 포드,"34,616",0.001397153,-0.373798533
가브리엘 무치노,"34,516",0.001391472,-0.373874709
토마스 아스트뤽,"34,466",0.001388632,-0.373912797
조엘 코엔,"34,295",0.001378918,-0.374043058
에단 코엔,"34,295",0.001378918,-0.374043058
라이 루소 영,"34,184",0.001372612,-0.374127613
곽정,"34,115",0.001368693,-0.374180174
저스틴 잭햄,"33,993",0.001361762,-0.374273109
구혜선,"33,884",0.00135557,-0.374356141
존 크로울리,"33,852",0.001353752,-0.374380517
우테 폰 뮌쇼폴,"33,845",0.001353355,-0.374385849
한혜진,"33,751",0.001348015,-0.374457455
짐 자무시,"33,579",0.001338244,-0.374588477
박찬경,"33,481",0.001332677,-0.37466313
마커스 니스펠,"33,469",0.001331996,-0.374672271
니나 웰스,"33,464",0.001331712,-0.374676079
벤슨 리,"33,360",0.001325804,-0.374755302
맷 브라운,"33,188",0.001316033,-0.374886325
닐스 타베니어,"33,036",0.001307399,-0.375002112
비탈리 만스키,"33,008",0.001305808,-0.375023442
조바른,"32,752",0.001291265,-0.375218452
존 크로키다스,"32,668",0.001286494,-0.37528244
스테판 포엔키노스,"32,626",0.001284108,-0.375314434
다비드 포앙키노스,"32,626",0.001284108,-0.375314434
드레이크 도리머스,"32,576",0.001281249,-0.375352775
밥 두셋,"32,453",0.00127428,-0.375446218
아담 추,"32,350",0.001268429,-0.375524679
미아 한센-로브,"32,307",0.001265987,-0.375557435
데이빗 로버트 밋첼,"32,187",0.00125917,-0.375648846
로저 미첼,"32,070",0.001252524,-0.375737972
로렌 스카파리아,"31,984",0.001247638,-0.375803483
페르난도 메이렐레스,"31,960",0.001246275,-0.375821765
카와노 아야코,"31,950",0.001245707,-0.375829383
장적사,"31,888",0.001242185,-0.375876612
플로리안 데이비드 핏츠,"31,866",0.001240935,-0.37589337
쿠와바라 사토시,"31,805",0.00123747,-0.375939838
프란시스 닐슨,"31,798",0.001237072,-0.37594517
김지혜,"31,742",0.001233891,-0.375987828
권영락,"31,713",0.001232244,-0.376009919
서은영,"31,616",0.001226733,-0.37608381
야마다 요지,"31,564",0.00122378,-0.376123422
에반 트라멜,"31,522",0.001221394,-0.376155415
김정인,"31,467",0.001218269,-0.376197312
믹 잭슨,"31,172",0.001201511,-0.376422031
트래비스 파인,"31,101",0.001197478,-0.376476116
박정범,"31,048",0.001194467,-0.376516489
"신아가,이상철,민용근","31,048",0.001194467,-0.376516489
스티븐 소더버그,"30,937",0.001188185,-0.37660074
빔 벤더스,"30,924",0.001187395,-0.376611328
민환기,"30,888",0.001185378,-0.376638371
이마이즈미 리키야,"30,714",0.001175494,-0.376770917
장률,"30,675",0.001173279,-0.376800625
필 알덴 로빈슨,"30,656",0.001172199,-0.376815099
미야자키 고로,"30,519",0.001164417,-0.37691946
장 프랑소아 풀리오,"30,467",0.001161463,-0.376959071
제이알,"30,392",0.001157202,-0.377016203
아녜스 바르다,"30,392",0.001157202,-0.377016203
데클란 도넬란,"30,373",0.001156123,-0.377030677
닉 오머로드,"30,373",0.001156123,-0.377030677
호르헤 도라도,"30,257",0.001149534,-0.377119041
피터 웨버,"30,200",0.001146296,-0.377162461
범립흔,"30,200",0.001146296,-0.377162461
자크 오디아르,"30,193",0.001145898,-0.377167793
크리스토퍼 파파칼리아티스,"30,181",0.001145216,-0.377176934
존 터투로,"30,140",0.001142887,-0.377208166
하야토 다테,"30,117",0.001141581,-0.377225687
구스타브 몰러,"30,110",0.001141183,-0.377231019
이나 예블라니코바,"30,076",0.001139271,-0.377256665
라스무스 A. 실버르센,"29,984",0.001134011,-0.377327191
마이크 디사,"29,906",0.001129595,-0.377386418
마테오 가로네,"29,891",0.001128742,-0.377397844
레오스 카락스,"29,866",0.001127294,-0.377417269
앨리스 블레하트,"29,852",0.001126527,-0.377427553
장형윤,"29,784",0.001122664,-0.377479353
에릭 틸,"29,710",0.001118461,-0.377535723
자비에 돌란,"29,660",0.001115634,-0.37757362
린 램지,"29,493",0.001106105,-0.377701405
존 루카스,"29,492",0.001106077,-0.377701786
스콧 무어,"29,492",0.001106077,-0.377701786
빌 홀더먼,"29,453",0.001103861,-0.377731495
스콧 쿠퍼,"29,354",0.001098237,-0.377806909
니콜라 바니에,"29,308",0.001095624,-0.37784195
니시고리 아츠시,"29,287",0.001094431,-0.377857947
마이클 수지,"29,283",0.001094204,-0.377860994
조 코니쉬,"29,236",0.001091534,-0.377896796
필립파 로소프,"28,884",0.001071538,-0.378164936
이민환,"28,679",0.001059893,-0.378321096
정귀호,"28,679",0.001059893,-0.378321096
석진욱,"28,679",0.001059893,-0.378321096
하비에르 페서,"28,626",0.001056882,-0.378361469
이상일,"28,567",0.001053531,-0.378406413
가우리 신드,"28,548",0.001052452,-0.378420887
리노 디살보,"28,520",0.001050861,-0.378442216
도이 노부히로,"28,492",0.001049242,-0.378463926
크리스찬 구드가스트,"28,477",0.001048418,-0.378474972
키시 세이지,"28,364",0.001041999,-0.37856105
오자운,"28,353",0.001041374,-0.37856943
김보경,"28,324",0.001039727,-0.378591521
라스 폰 트리에,"28,266",0.001036446,-0.378635512
사라 가브론,"28,220",0.001033819,-0.378670744
미즈시마 츠토무,"28,121",0.001028195,-0.378746158
올리버 스톤,"28,101",0.001027031,-0.378761774
빅터 아즈에프,"28,082",0.00102598,-0.378775866
마틴 코틱,"28,064",0.001024957,-0.378789578
톰 볼프,"28,048",0.001024048,-0.378801766
윤세영,"28,016",0.001022231,-0.378826142
김초희,"27,974",0.001019845,-0.378858136
이가라시 타쿠야,"27,944",0.00101814,-0.378880989
제이슨 레이 하우덴,"27,928",0.001017232,-0.378893177
주드 아패토우,"27,858",0.001013255,-0.3789465
루이스 프리에토,"27,854",0.001013028,-0.378949547
마티아스 마르지유,"27,623",0.000999906,-0.379125514
페드로 알모도바르,"27,569",0.000996838,-0.379166649
타위랍 스리우티윙스,"27,463",0.000990817,-0.379247395
맥스 조셉,"27,412",0.00098792,-0.379286245
폴 토마스 앤더슨,"27,403",0.000987408,-0.379293101
스벤 운터발트 주니어,"27,330",0.000983261,-0.379348709
리사 아주엘로스,"27,302",0.000981671,-0.379370038
데이빗 겔브,"27,279",0.000980364,-0.379387559
라맨 허,"27,257",0.000979115,-0.379404317
피오나 고든,"27,203",0.000976047,-0.379445452
도미니크 아벨,"27,203",0.000976047,-0.379445452
마이클 그랜다지,"27,167",0.000974002,-0.379472876
부르한 군,"27,128",0.000971786,-0.379502584
김정환,"27,046",0.000967128,-0.379565049
조나단 헨스라이,"27,037",0.000966617,-0.379571904
리테쉬 바트라,"26,982",0.000963464,-0.379614182
정량,"26,928",0.000960397,-0.379655317
빌 포래드,"26,812",0.000953836,-0.3797433
김민섭,"26,794",0.000952813,-0.379757012
카스텐 킬러리치,"26,774",0.000951677,-0.379772247
레오폴도 아귈라,"26,739",0.000949689,-0.379798909
가와세 나오미,"26,738",0.000949632,-0.37979967
우메츠 토모미,"26,593",0.000941395,-0.379910125
줄리 앤 로빈슨,"26,387",0.000929693,-0.380067048
타미 데이비스,"26,381",0.000929352,-0.380071618
이와사키 토모코,"26,278",0.000923501,-0.38015008
다니엘 벤마요,"26,262",0.000922592,-0.380162268
룬 스파안스,"26,185",0.000918218,-0.380220923
로버트 로렌즈,"26,152",0.000916343,-0.380246061
맥스 기와,"26,127",0.000914895,-0.380265486
다니아 파스퀴니,"26,127",0.000914895,-0.380265486
임효겸,"26,101",0.000913446,-0.380284911
마이클 도즈,"25,908",0.000902483,-0.38043193
아리 산델,"25,857",0.000899586,-0.38047078
스리람 라그하반,"25,833",0.000898222,-0.380489062
코바야시 유키,"25,815",0.0008972,-0.380502774
정혁기,"25,739",0.000892882,-0.380560668
말릭 벤젠룰,"25,694",0.000890326,-0.380594947
이동은,"25,652",0.00088794,-0.380626941
왕운비,"25,637",0.000887088,-0.380638367
폴 왕,"25,577",0.00088368,-0.380684073
마틴 캠벨,"25,567",0.000883112,-0.38069169
안드레이 갈랏,"25,556",0.000882487,-0.38070007
시라이시 코지,"25,531",0.000881067,-0.380719113
이정국,"25,449",0.000876409,-0.380781578
막심 파디브,"25,419",0.000874704,-0.38080443
테이트 테일러,"25,336",0.000869989,-0.380867656
갈리나 미클리노바,"25,278",0.000866695,-0.380911839
박재석,"25,261",0.000865701,-0.380925169
사카이 카즈오,"25,109",0.000857094,-0.381040576
김재환,"24,883",0.000844275,-0.381212479
차성덕,"24,823",0.000840848,-0.381258439
이종현,"24,810",0.000840109,-0.381268342
박시후,"24,810",0.000840109,-0.381268342
리카르도 아나이즈,"24,799",0.000839484,-0.381276721
마이크 컨켈,"24,799",0.000839484,-0.381276721
라울 가르시아,"24,799",0.000839484,-0.381276721
딘 테일러,"24,787",0.000838803,-0.381285862
조나단 데이턴,"24,752",0.000836815,-0.381312524
발레리 페리스,"24,752",0.000836815,-0.381312524
이라 카르페란,"24,658",0.000831475,-0.381384129
야쿱 론스키,"24,658",0.000831475,-0.381384129
타니구치 고로,"24,640",0.000830452,-0.381397841
라이언 머피,"24,635",0.000830168,-0.38140165
벤 휘틀리,"24,600",0.00082818,-0.381428311
타무라 코타로,"24,571",0.000826533,-0.381450402
로저 스포티스우드,"24,466",0.000820568,-0.381530387
이성강,"24,451",0.000819716,-0.381541813
아라키 테츠로,"24,450",0.000819659,-0.381542575
요시다 다이하치,"24,381",0.000815739,-0.381595136
아베 노리유키,"24,380",0.000815683,-0.381595898
조하네스 로버츠,"24,379",0.000815626,-0.38159666
정재은,"24,377",0.000815512,-0.381598183
케빈 맥도널드,"24,329",0.000812804,-0.381634494
빅터 라키소프,"24,319",0.000812217,-0.381642365
허버트 베일란드,"24,293",0.000810712,-0.381662552
조현훈,"24,272",0.000809548,-0.381678168
백창주,"24,163",0.000803356,-0.3817612
마원,"24,111",0.000800402,-0.381800811
동대가,"24,111",0.000800402,-0.381800811
베넷 밀러,"24,083",0.000798811,-0.38182214
매니 에르난데스,"24,079",0.000798555,-0.381825568
장 피에르 다르덴,"24,063",0.000797661,-0.381837566
뤽 다르덴,"24,063",0.000797661,-0.381837566
리처드 라니,"24,019",0.000795176,-0.381870893
에두와르도 슐츠,"23,981",0.000793017,-0.38189984
리차드 이어,"23,933",0.00079029,-0.381936404
김진수,"23,926",0.000789893,-0.381941737
하코타 유코,"23,810",0.000783303,-0.382030101
다닐라 코즈로브스키,"23,773",0.000781201,-0.382058286
구봉회,"23,721",0.000778247,-0.382097897
송경용,"23,711",0.000777679,-0.382105515
송창용,"23,711",0.000777679,-0.382105515
존 리 행콕,"23,674",0.000775577,-0.3821337
저스틴 리어든,"23,597",0.000771203,-0.382192355
시오타니 나오요시,"23,586",0.000770578,-0.382200735
이현주,"23,555",0.000768817,-0.382224349
에릭 넬슨,"23,530",0.000767397,-0.382243393
안드레아 아놀드,"23,509",0.000766204,-0.38225939
타케모토 야스히로,"23,496",0.000765466,-0.382269293
폴 버호벤,"23,482",0.00076467,-0.382279958
안드레 외브레달,"23,467",0.000763818,-0.382291384
존 스톡웰,"23,462",0.000763534,-0.382295193
시몬 베호벤,"23,450",0.000762853,-0.382304334
정다운,"23,446",0.000762625,-0.382307381
마이클 알메레이다,"23,441",0.000762341,-0.38231119
스티븐 달드리,"23,416",0.000760893,-0.382330615
데니스 체르노프,"23,407",0.000760429,-0.382336836
이창원,"23,404",0.00076024,-0.382339375
권성모,"23,404",0.00076024,-0.382339375
조병옥,"23,390",0.000759444,-0.382350039
매티 벡커맨,"23,312",0.000755013,-0.382409457
안토닌 보드리,"23,247",0.000751321,-0.382458971
구스타보 타레토,"23,233",0.000750526,-0.382469636
라즐로 네메스,"23,148",0.000745697,-0.382534385
김재희,"23,133",0.000744845,-0.382545812
안재훈,"23,088",0.000742289,-0.382580091
히라오 타카유키,"23,057",0.000740528,-0.382603705
리처드 클라우스,"23,014",0.000738085,-0.382636461
김문흠,"22,900",0.000731609,-0.382723301
카와나미 에이사쿠,"22,767",0.000724054,-0.382824615
앤드류 헤이,"22,745",0.000722804,-0.382841374
최하나,"22,729",0.000721895,-0.382853562
칼 멘데스,"22,716",0.000721157,-0.382863465
올리비에 아사야스,"22,620",0.000715675,-0.382936975
윌리엄 올드로이드,"22,613",0.000715306,-0.382941926
아몰 굽트,"22,612",0.000715249,-0.382942688
아미르 칸,"22,612",0.000715249,-0.382942688
한종훈,"22,526",0.000710364,-0.383008199
에단 호크,"22,466",0.000706955,-0.383053905
테렌스 맬릭,"22,453",0.000706217,-0.383063808
보그다나 베라 로렌츠,"22,451",0.000706103,-0.383065331
홍은미,"22,412",0.000703888,-0.38309504
시미즈 준지,"22,407",0.000703604,-0.383098849
윤성준,"22,330",0.00069923,-0.383157504
크리스티앙 뱅상,"22,173",0.000690311,-0.3832771
김래경,"22,110",0.000686732,-0.383325091
샤나 페스트,"22,091",0.000685653,-0.383339564
야마무로 타다요시,"22,025",0.000681904,-0.38338984
노에미 르보브스키,"22,006",0.000680824,-0.383404314
존 어윈,"21,978",0.000679234,-0.383425643
앤드류 어윈,"21,978",0.000679234,-0.383425643
문은주,"21,974",0.000679006,-0.38342869
로랑 티라르,"21,873",0.000673241,-0.383506009
이서,"21,872",0.000673184,-0.38350677
당계례,"21,798",0.000669009,-0.38356276
나카노 료타,"21,797",0.000668952,-0.383563522
안톤 크링스,"21,732",0.000665259,-0.383613036
아르나드 부롱,"21,732",0.000665259,-0.383613036
가렛 에반스,"21,705",0.000663726,-0.383633603
윤단비,"21,692",0.000662987,-0.383643506
빌리 레이,"21,692",0.000662987,-0.383643506
김지연,"21,687",0.000662703,-0.383647315
막심 볼코브,"21,615",0.000658613,-0.383702162
표도르 본다르추크,"21,609",0.000658272,-0.383706732
미키 키팅,"21,603",0.000657931,-0.383711303
진광교,"21,599",0.000657704,-0.38371435
박대원,"21,506",0.000652421,-0.383785193
데이빗 크렌츠,"21,475",0.000650632,-0.383809189
코지마 마사유키,"21,424",0.000647763,-0.383847658
에란 크리비,"21,361",0.000644156,-0.383896029
티에리 라고베르트,"21,318",0.000641742,-0.383928404
자릴 레스페르,"21,280",0.000639583,-0.383957351
유위,"21,278",0.000639441,-0.383959255
롭 실베스트리,"21,274",0.000639214,-0.383962302
김의석,"21,243",0.000637481,-0.383985536
파벨 파블리코브스키,"21,139",0.000631545,-0.38406514
클림 시펜코,"21,071",0.00062771,-0.384116559
유지니오 미라,"20,961",0.000621462,-0.384200352
장-클리스토페 리에,"20,811",0.000612941,-0.384314616
레미 베잔송,"20,811",0.000612941,-0.384314616
"이수정,정일건","20,803",0.000612486,-0.38432071
김진열,"20,803",0.000612486,-0.38432071
박혁지,"20,736",0.00060868,-0.384371748
대니 스트롱,"20,631",0.000602716,-0.384451732
라파엘 리바스,"20,513",0.000596012,-0.38454162
이시하라 타츠야,"20,321",0.000585077,-0.384688259
퍼시 애들론,"20,195",0.000577948,-0.384783859
방형우,"20,175",0.000576812,-0.384799095
송정율,"20,113",0.00057329,-0.384846324
데이빗 크로넨버그,"20,094",0.000572182,-0.384861178
백승우,"20,085",0.000571699,-0.384867653
조나 힐,"20,069",0.00057079,-0.384879841
김진민,"20,063",0.00057045,-0.384884412
막심 고바레,"20,056",0.000570052,-0.384889744
노에미 사글리오,"20,056",0.000570052,-0.384889744
엘리자베스 이토,"19,986",0.000566075,-0.384943067
다카하타 이사오,"19,966",0.000564939,-0.384958302
제프리 프리드먼,"19,933",0.000563065,-0.38498344
롭 엡스타인,"19,933",0.000563065,-0.38498344
박사유,"19,919",0.000562269,-0.384994105
박돈사,"19,919",0.000562269,-0.384994105
나가사키 켄지,"19,917",0.000562156,-0.384995628
로만 폴란스키,"19,917",0.000562156,-0.384995628
우에다 신이치로,"19,846",0.000558123,-0.385049713
신보 아키유키,"19,666",0.000547883,-0.38518702
강성옥,"19,632",0.000545966,-0.38521273
데이비드 미쇼,"19,610",0.000544716,-0.385229488
이반 프숀킨,"19,508",0.000538922,-0.385307188
안드레이 콜핀,"19,508",0.000538922,-0.385307188
바시코 베도슈빌리,"19,508",0.000538922,-0.385307188
진재운,"19,484",0.000537559,-0.38532547
헨리 알렉스 루빈,"19,460",0.000536195,-0.385343752
선호빈,"19,459",0.000536138,-0.385344514
알렉산더 크람초프,"19,445",0.000535343,-0.385355179
바딤 소츠코프,"19,445",0.000535343,-0.385355179
다니엘르 톰슨,"19,426",0.000534264,-0.385369652
정희성,"19,405",0.000533071,-0.385385649
제임스 밴더빌트,"19,315",0.000527958,-0.385454207
키릴 세레브렌니코프,"19,221",0.000522619,-0.385525813
타마르 반 덴 도프,"19,142",0.000518131,-0.385585992
이성한,"18,851",0.0005016,-0.385807663
임유철,"18,804",0.00049893,-0.385843466
베다 도캄포 페이주,"18,799",0.000498646,-0.385847275
바란 보 오다르,"18,740",0.000495295,-0.385892219
신수원,"18,655",0.000490466,-0.385956968
줄리아 하트,"18,652",0.000490296,-0.385959254
오윤동,"18,564",0.000485268,-0.386026669
카키모토 코다이,"18,550",0.000484501,-0.386036953
지안밍 후앙,"18,509",0.000482172,-0.386068185
파블로 라라인,"18,436",0.000477997,-0.386124174
아드리안 부이텐후이스,"18,367",0.000474106,-0.386176355
데릭 머레이,"18,367",0.000474106,-0.386176355
마이클 무어,"18,342",0.000472686,-0.386195399
자비에 피카르,"18,254",0.000467687,-0.386262434
텐 샤오펑,"18,247",0.000467289,-0.386267766
말콤 D. 리,"18,241",0.000466948,-0.386272336
올리버 달리,"18,219",0.000465699,-0.386289095
루카스 퀴아오,"18,203",0.000464761,-0.386301664
후쿠다 유이치,"18,172",0.000463029,-0.386324898
알렉스 오렐,"18,169",0.000462858,-0.386327183
낸시 플로렌스 사바드,"18,157",0.000462177,-0.386336324
천정훈,"18,113",0.000459677,-0.386369842
김희정,"18,106",0.000459279,-0.386375174
존 말루프,"18,061",0.000456723,-0.386409453
찰리 시스켈,"18,061",0.000456723,-0.386409453
알레한드로 아메나바르,"18,057",0.000456496,-0.3864125
스콧 만,"18,042",0.000455644,-0.386423926
레오 리,"18,022",0.000454508,-0.386439162
크리스티앙 드 비타,"18,020",0.000454394,-0.386440685
도미니크 몽페리,"18,020",0.000454394,-0.386440685
아쉬가르 파라디,"17,982",0.000452235,-0.386469632
아라마키 신지,"17,977",0.000451951,-0.386473441
알버토 마르,"17,956",0.000450759,-0.386489438
변규리,"17,956",0.000450759,-0.386489438
닐스 아르덴 오플레브,"17,916",0.000448486,-0.386519908
이태겸,"17,741",0.000438545,-0.386653216
유키사다 이사오,"17,695",0.000435932,-0.386688257
마이크 화이트,"17,691",0.000435705,-0.386691304
알리 아바시,"17,676",0.000434853,-0.38670273
신준영,"17,672",0.000434626,-0.386705777
프란트 궈,"17,637",0.000432637,-0.386732439
김정식,"17,632",0.000432353,-0.386736248
조세래,"17,631",0.000432296,-0.386737009
패트리시아 리건,"17,625",0.000431956,-0.38674158
안톤 코르빈,"17,625",0.000431956,-0.38674158
카나사키 타카오미,"17,607",0.000430933,-0.386755292
자비에 보브와,"17,588",0.000429854,-0.386769765
조나단 베이커,"17,543",0.000427297,-0.386804044
조쉬 베이커,"17,543",0.000427297,-0.386804044
시멘 알스빅,"17,463",0.000422753,-0.386864985
게리 왕,"17,456",0.000422355,-0.386870317
전일우,"17,449",0.000421958,-0.38687565
임정하,"17,449",0.000421958,-0.38687565
박형준,"17,449",0.000421958,-0.38687565
김양래,"17,449",0.000421958,-0.38687565
김태식,"17,444",0.000421674,-0.386879458
제임스 콕스,"17,410",0.000419742,-0.386905358
조지 C. 울프,"17,372",0.000417584,-0.386934305
사울 딥,"17,324",0.000414857,-0.386970869
리스 오스볼,"17,305",0.000413778,-0.386985343
모토히로 카츠유키,"17,287",0.000412755,-0.386999055
안용훈,"17,190",0.000407245,-0.387072945
정인봉,"17,014",0.000397247,-0.387207015
크리스찬 하스,"16,955",0.000393895,-0.387251959
안드레아 블록,"16,955",0.000393895,-0.387251959
스탠리 투치,"16,933",0.000392646,-0.387268717
비자이,"16,875",0.000389351,-0.387312899
마르잔 사트라피,"16,776",0.000383708,-0.387388567
마커스 하먼,"16,685",0.000378558,-0.387457633
하시모토 히로유키,"16,655",0.000376853,-0.387480486
문소리,"16,646",0.000376342,-0.387487342
와드 알-카팁,"16,591",0.000373218,-0.387529239
에드워드 와츠,"16,591",0.000373218,-0.387529239
김진혁,"16,577",0.000372423,-0.387539903
스티븐 소머즈,"16,555",0.000371173,-0.387556662
이도 엔젤,"16,528",0.000369639,-0.38757723
리양우,"16,505",0.000368332,-0.38759475
이지승,"16,473",0.000366515,-0.387619126
카와이 하야토,"16,467",0.000366174,-0.387623697
올리비아 와일드,"16,380",0.000361232,-0.38768997
하마구치 류스케,"16,370",0.000360664,-0.387697588
앨리슨 쉐르닉,"16,345",0.000359243,-0.387716631
벤자민 레너,"16,340",0.000358959,-0.38772044
프랑수아 오종,"16,327",0.000358202,-0.387730597
강상우,"16,324",0.000358051,-0.387732628
리슬 타미,"16,312",0.000357369,-0.38774177
갈수영,"16,204",0.000351234,-0.387824039
하비에르 구티에레즈,"16,199",0.00035095,-0.387827848
야나기자와 테츠야,"16,187",0.000350268,-0.387836989
민병훈,"16,160",0.000348706,-0.387857938
대니 분,"16,146",0.000347939,-0.387868222
남연우,"16,137",0.000347428,-0.387875077
클레어 맥카시,"16,124",0.000346689,-0.38788498
킴블 렌달,"16,091",0.000344815,-0.387910118
랜달 라이트,"16,070",0.000343622,-0.387926115
에바 두버네이,"16,029",0.000341293,-0.387957347
마이클 앱티드,"15,986",0.00033885,-0.387990103
전후석,"15,982",0.000338623,-0.38799315
알렉상드르 아반치니,"15,974",0.000338168,-0.387999244
니잠 라작,"15,968",0.000337827,-0.388003815
크리스 버틀러,"15,953",0.000336975,-0.388015241
히로 타카시마,"15,942",0.00033635,-0.38802362
카와마타 히로시,"15,942",0.00033635,-0.38802362
조나단 드미,"15,867",0.00033209,-0.388080752
위성준,"15,846",0.000330897,-0.388096749
"정지훈,이승호","15,785",0.000327432,-0.388143217
박일호,"15,785",0.000327432,-0.388143217
알리체 로르와커,"15,762",0.000326125,-0.388160737
루벤 외스틀룬드,"15,720",0.000323739,-0.388192731
데이비드 스토튼,"15,675",0.000321164,-0.388227264
크리스티안 레브링,"15,671",0.000320956,-0.388230057
박혜령,"15,650",0.000319763,-0.388246054
피에트로 마르첼로,"15,593",0.000316525,-0.388289474
윌리엄 모나한,"15,539",0.000313458,-0.388330609
히라바야시 이사무,"15,518",0.000312276,-0.388346454
마이클 윈터바텀,"15,486",0.000310447,-0.388370982
헤이든 쉬로스버그,"15,431",0.000307322,-0.388412879
존 허위츠,"15,431",0.000307322,-0.388412879
소준문,"15,389",0.000304937,-0.388444873
정수이,"15,387",0.000304823,-0.388446397
백승환,"15,383",0.000304596,-0.388449444
야노 히로유키,"15,382",0.000304539,-0.388450205
나타우트 푼프리야,"15,319",0.00030096,-0.388498196
P.B. 셰므란,"15,289",0.000299256,-0.388521049
알랑 그스포너,"15,276",0.000298517,-0.388530952
변희선,"15,229",0.000295848,-0.388566755
김병기,"15,228",0.000295791,-0.388567516
팀 힐,"15,214",0.000294995,-0.388578181
와타나베 아유무,"15,211",0.000294825,-0.388580466
이와이 슌지,"15,176",0.000292818,-0.388607382
매트 화이트크로스,"15,074",0.000287043,-0.388684827
헬렌 헌트,"15,039",0.000285054,-0.388711489
스티븐 카플 주니어,"15,023",0.000284145,-0.388723677
켄 스콧,"15,019",0.000283918,-0.388726724
이시이 유야,"15,017",0.000283805,-0.388728247
페르난도 트루에바,"15,001",0.000282896,-0.388740436
토노 에란도,"15,001",0.000282896,-0.388740436
하비에르 마리스칼,"15,001",0.000282896,-0.388740436
차야놉 분프라콥,"14,991",0.000282328,-0.388748053
오기가미 나오코,"14,983",0.000281873,-0.388754147
매트 로스,"14,976",0.000281476,-0.38875948
그렉 아라키,"14,964",0.000280794,-0.388768621
짐 쉐리단,"14,955",0.000280283,-0.388775476
아쿠네 토모아키,"14,925",0.000278578,-0.388798329
황연,"14,857",0.000274716,-0.388850129
하윤재,"14,839",0.000273693,-0.388863841
시바타 히로키,"14,799",0.000271421,-0.388894311
손호,"14,767",0.000269603,-0.388918687
스테판 루조비츠키,"14,744",0.000268296,-0.388936208
루카 구아다그니노,"14,711",0.000266422,-0.388961346
마이클 쇼월터,"14,697",0.000265627,-0.38897201
나초 비갈론도,"14,687",0.000265059,-0.388979628
구스 반 산트,"14,684",0.000264888,-0.388981913
임준현,"14,682",0.000264774,-0.388983437
밀로스 포만,"14,628",0.000261707,-0.389024572
안나 저스티스,"14,557",0.000257674,-0.389078657
이승수,"14,528",0.000256026,-0.389100748
백재호,"14,500",0.000254436,-0.389122077
찰스 비네임,"14,488",0.000253754,-0.389131218
제임스 아이보리,"14,484",0.000253527,-0.389134265
구수환,"14,437",0.000250857,-0.389170068
브누와 쟉꼬,"14,436",0.0002508,-0.389170829
구모,"14,386",0.00024796,-0.389208917
제이콥 체이스,"14,374",0.000247278,-0.389218058
알레한드로 몬테베르드,"14,343",0.000245517,-0.389241673
장영치,"14,323",0.000244381,-0.389256908
조성규,"14,298",0.000242932,-0.389276333
텐진 체탄 초클리,"14,289",0.00024245,-0.389282808
질 를르슈,"14,285",0.000242222,-0.389285855
카말 반살,"14,261",0.000240859,-0.389304137
라민 바흐러니,"14,241",0.000239723,-0.389319372
펭 페이,"14,236",0.000239439,-0.389323181
봉만대,"14,188",0.000236712,-0.389359746
찰리 카우프만,"14,153",0.000234724,-0.389386407
듀크 존슨,"14,153",0.000234724,-0.389386407
커트 보엘커,"14,134",0.000233645,-0.389400881
찰리 스트레이턴,"14,063",0.000229611,-0.389454965
알렉상드르 아스티에,"14,015",0.000226856,-0.389491911
루이 클리시,"14,015",0.000226856,-0.389491911
필리프 팔라도,"14,009",0.000226515,-0.389496481
토르비욘 크리스토퍼센,"13,951",0.000223249,-0.389540282
앤더스 마테센,"13,951",0.000223249,-0.389540282
허우 샤오시엔,"13,938",0.000222511,-0.389550185
마이클 호프만,"13,913",0.000221062,-0.38956961
모건 매튜스,"13,912",0.000221034,-0.389569991
펠릭스 반 그뢰닝엔,"13,906",0.000220693,-0.389574562
롭 새비지,"13,866",0.00021842,-0.389605032
스콧 워커,"13,853",0.000217682,-0.389614935
미셸 오슬로,"13,845",0.000217199,-0.38962141
임흥순,"13,827",0.000216205,-0.389634741
마이크 리,"13,792",0.000214217,-0.389661402
켈리 레인하르트,"13,791",0.00021416,-0.389662164
래리 양,"13,791",0.00021416,-0.389662164
마크 톤데라이,"13,747",0.000211661,-0.389695681
하우메 발라게로,"13,743",0.000211433,-0.389698728
스티븐 쉬블,"13,709",0.000209502,-0.389724628
제니퍼 켄트,"13,702",0.000209104,-0.38972996
채밀결,"13,690",0.000208423,-0.389739102
조영광,"13,685",0.000208139,-0.38974291
마렌 아데,"13,677",0.000207684,-0.389749004
엠마 아산테,"13,580",0.000202174,-0.389822895
앤디 해밀턴,"13,529",0.000199277,-0.389861745
가이 젠킨,"13,529",0.000199277,-0.389861745
제이슨 무어,"13,520",0.000198765,-0.389868601
펑천,"13,477",0.000196323,-0.389901356
제임스 카메론,"13,426",0.000193426,-0.389940206
박기복,"13,424",0.000193312,-0.389941729
주현량,"13,307",0.000186666,-0.390030855
뱅상 파로노,"13,267",0.000184393,-0.390061326
J.C 챈더,"13,196",0.00018036,-0.390115411
이대희,"13,194",0.000180247,-0.390116934
피터 헤지스,"13,192",0.000180133,-0.390118458
허철,"13,130",0.000176611,-0.390165687
지나 프린스-바이스우드,"13,130",0.000176611,-0.390165687
민백두,"13,118",0.000175929,-0.390174828
척 콘젤만,"13,087",0.000174168,-0.390198442
캐리 솔로몬,"13,087",0.000174168,-0.390198442
김수기,"13,087",0.000174168,-0.390198442
윌 베처,"13,046",0.000171839,-0.390229674
리처드 펠런,"13,046",0.000171839,-0.390229674
매튜 워처스,"13,035",0.000171214,-0.390238054
플로리안 헨켈 폰 도너스마르크,"13,003",0.000169397,-0.39026243
장하오,"12,990",0.000168658,-0.390272333
레지스 르왕사르,"12,983",0.00016826,-0.390277665
원종식,"12,953",0.000166556,-0.390300518
김대창,"12,943",0.000165988,-0.390308136
신준,"12,901",0.000163602,-0.390340129
김정권,"12,878",0.000162296,-0.39035765
슈커,"12,876",0.000162182,-0.390359173
아담 랜달,"12,870",0.000161841,-0.390363744
크리스 답킨스,"12,866",0.000161614,-0.390366791
카를로 미라벨라 데이비스,"12,866",0.000161614,-0.390366791
닉 어거스트 페르나,"12,866",0.000161614,-0.390366791
키타가와 에리코,"12,845",0.000160421,-0.390382788
헨닝 칼슨,"12,806",0.000158206,-0.390412497
사만다 푸터먼,"12,804",0.000158092,-0.39041402
라이언 미야모토,"12,804",0.000158092,-0.39041402
레이첼 그리피스,"12,785",0.000157013,-0.390428493
아론 소킨,"12,784",0.000156956,-0.390429255
허원,"12,767",0.00015599,-0.390442205
더스틴 호프만,"12,717",0.00015315,-0.390480293
이장호,"12,694",0.000151843,-0.390497814
데이비드 하인즈,"12,692",0.00015173,-0.390499337
브루스 로빈슨,"12,685",0.000151332,-0.390504669
조광하,"12,646",0.000149117,-0.390534378
자코 아키후미,"12,635",0.000148492,-0.390542757
코사카 키타로,"12,611",0.000147128,-0.39056104
알렌 휴즈,"12,557",0.000144061,-0.390602174
룰루 왕,"12,555",0.000143947,-0.390603698
김양희,"12,547",0.000143493,-0.390609792
주나 테나,"12,493",0.000140425,-0.390650927
마미 스나다,"12,491",0.000140312,-0.390652451
파코 카베자스,"12,465",0.000138835,-0.390672256
홍성은,"12,447",0.000137812,-0.390685968
자비에 르그랑,"12,433",0.000137017,-0.390696633
제임스 파우웰,"12,426",0.000136619,-0.390701965
사라 코랑겔로,"12,385",0.00013429,-0.390733197
제임스 다시,"12,356",0.000132643,-0.390755288
허안화,"12,344",0.000131933,-0.39076481
린-마누엘 미란다,"12,334",0.000131393,-0.390772047
찬드라세카란,"12,220",0.000124917,-0.390858887
이수성,"12,203",0.000123951,-0.390871837
마크 먼든,"12,137",0.000120202,-0.390922113
왕정,"12,135",0.000120089,-0.390923637
키에론 J 월쉬,"12,117",0.000119066,-0.390937348
질 부르도스,"12,056",0.000115601,-0.390983816
이정곤,"12,045",0.000114976,-0.390992195
맷 슈레이더,"12,032",0.000114238,-0.391002098
토니 케이,"12,031",0.000114181,-0.39100286
마틴 잔드블리엣,"12,026",0.000113897,-0.391006669
후지타 하루카,"11,934",0.000108671,-0.39107675
마크 레빈,"11,909",0.00010725,-0.391095794
크리스티안 펫졸드,"11,904",0.000106966,-0.391099603
마이클 메이어,"11,887",0.000106001,-0.391112553
오피르 라울 그라이저,"11,876",0.000105376,-0.391120932
후지모리 마사야,"11,830",0.000102763,-0.391155973
댄 크레치,"11,802",0.000101172,-0.391177303
이돈구,"11,785",0.000100206,-0.391190252
미노리카와 오사무,"11,782",0.000100036,-0.391192538
나가누마 노리히로,"11,777",9.98E-05,-0.391196347
조셉 고든 레빗,"11,774",9.96E-05,-0.391198632
필립 클로델,"11,743",9.78E-05,-0.391222246
줄리아 듀코나우,"11,704",9.56E-05,-0.391251955
마크 브라운로우,"11,703",9.55E-05,-0.391252717
로스 베노커,"11,676",9.40E-05,-0.391273284
신현원,"11,666",9.34E-05,-0.391280902
강이관,"11,655",9.28E-05,-0.391289281
박재식,"11,650",9.25E-05,-0.39129309
핼리 메이어스-샤이어,"11,628",9.13E-05,-0.391309849
김진유,"11,579",8.85E-05,-0.391347175
조나스 쿠아론,"11,568",8.79E-05,-0.391355554
오즈 퍼킨스,"11,564",8.77E-05,-0.391358601
클라우스 해로,"11,546",8.66E-05,-0.391372313
엘리야 바이넘,"11,526",8.55E-05,-0.391387548
미겔 앙헬 비바스,"11,517",8.50E-05,-0.391394404
김용운,"11,484",8.31E-05,-0.391419542
히라야나기 아츠코,"11,424",7.97E-05,-0.391465247
김재영,"11,418",7.94E-05,-0.391469818
풍덕륜,"11,414",7.91E-05,-0.391472865
미시마 유키코,"11,403",7.85E-05,-0.391481244
노영석,"11,402",7.84E-05,-0.391482006
개리 앤드류스,"11,364",7.63E-05,-0.391510953
이상훈,"11,341",7.50E-05,-0.391528473
김진만,"11,341",7.50E-05,-0.391528854
정욱,"11,297",7.25E-05,-0.391561991
랄프 지만,"11,287",7.19E-05,-0.391569608
김정민,"11,263",7.06E-05,-0.391587891
일래인 보겐,"11,236",6.90E-05,-0.391608458
심용,"11,235",6.90E-05,-0.39160922
토드 로빈슨,"11,223",6.83E-05,-0.391618361
이혁상,"11,198",6.69E-05,-0.391637405
돈 치들,"11,164",6.49E-05,-0.391663305
오시이 마모루,"11,161",6.48E-05,-0.39166559
정보서,"11,156",6.45E-05,-0.391669399
요아킴 트리에,"11,143",6.37E-05,-0.391679302
겔라 바블루아니,"11,130",6.30E-05,-0.391689205
구로사와 기요시,"11,118",6.23E-05,-0.391698346
디토 몬티엘,"11,048",5.83E-05,-0.391751669
토드 E. 프리먼,"11,038",5.78E-05,-0.391759286
제이슨 프리먼,"11,038",5.78E-05,-0.391759286
루카 드 마타,"11,027",5.71E-05,-0.391767666
일디코 엔예디,"11,015",5.65E-05,-0.391776807
사샤 버로우,"10,998",5.55E-05,-0.391789757
송운,"10,997",5.54E-05,-0.391790519
피터 허칭스,"10,969",5.39E-05,-0.391811848
후미히로 요시무라,"10,965",5.36E-05,-0.391814895
스기노 아키오,"10,965",5.36E-05,-0.391814895
끌로드 를르슈,"10,960",5.33E-05,-0.391818704
지율,"10,942",5.23E-05,-0.391832415
포덕희,"10,922",5.12E-05,-0.39184765
조천우,"10,922",5.12E-05,-0.39184765
폴 해기스,"10,910",5.05E-05,-0.391856792
알렉산드라 딘,"10,907",5.03E-05,-0.391859077
아사프 베른슈타인,"10,896",4.97E-05,-0.391867456
류종헌,"10,887",4.92E-05,-0.391874312
하시모토 미츠오,"10,881",4.89E-05,-0.391878883
마리아 피터즈,"10,854",4.73E-05,-0.39189945
김성욱,"10,854",4.73E-05,-0.39189945
드레이크 도레무스,"10,850",4.71E-05,-0.391902497
하이파 알-만수르,"10,811",4.49E-05,-0.391932206
김록경,"10,809",4.48E-05,-0.391933729
마르탱 프로보스트,"10,791",4.37E-05,-0.391947441
프랑크 가스탐비드,"10,768",4.24E-05,-0.391964961
아그네츠카 홀란드,"10,765",4.23E-05,-0.391967247
수잔 비에르,"10,761",4.20E-05,-0.391970294
애드바이트 찬단,"10,758",4.19E-05,-0.391972579
줄리엔 모리,"10,744",4.11E-05,-0.391983244
알렉상드르 뷔스티요,"10,744",4.11E-05,-0.391983244
마르끄 피투시,"10,737",4.07E-05,-0.391988576
키리야 카즈아키,"10,710",3.91E-05,-0.392009143
벤피 네코,"10,681",3.75E-05,-0.392031234
안톤 메거딕체브,"10,659",3.62E-05,-0.392047993
샘 펠,"10,654",3.60E-05,-0.392051802
신동석,"10,652",3.58E-05,-0.392053325
에우헤니오 데르베스,"10,646",3.55E-05,-0.392057896
박근영,"10,644",3.54E-05,-0.392059419
우광훈,"10,639",3.51E-05,-0.392063228
데이빗 레드먼,"10,639",3.51E-05,-0.392063228
브라이언 핸슨,"10,625",3.43E-05,-0.392073893
미란다 줄리,"10,615",3.37E-05,-0.39208151
허선,"10,612",3.36E-05,-0.392083796
장영주,"10,610",3.35E-05,-0.392085319
폴 슈레이더,"10,605",3.32E-05,-0.392089128
오토모 가츠히로,"10,574",3.14E-05,-0.392112743
톰 루,"10,566",3.10E-05,-0.392118837
모리 준이치,"10,557",3.04E-05,-0.392125692
무로가 아츠시,"10,502",2.73E-05,-0.392167589
페르난도 레온 데 아라노아,"10,488",2.65E-05,-0.392178254
왕장준,"10,483",2.62E-05,-0.392182063
부걸,"10,483",2.62E-05,-0.392182063
요시다 야스히로,"10,408",2.20E-05,-0.392239195
원호연,"10,398",2.14E-05,-0.392246812
권명국,"10,382",2.05E-05,-0.392259
제이크 슈레이어,"10,379",2.03E-05,-0.392261286
미로슬라브 슬라보슈비츠키,"10,368",1.97E-05,-0.392269665
이우정,"10,336",1.79E-05,-0.392294041
소륜,"10,293",1.55E-05,-0.392326797
아시프 카파디아,"10,278",1.46E-05,-0.392338223
유아사 마사아키,"10,210",1.07E-05,-0.392390023
웨인 로버츠,"10,206",1.05E-05,-0.39239307
조은성,"10,175",8.75E-06,-0.392416684
하원준,"10,153",7.50E-06,-0.392433443
김보람,"10,145",7.04E-06,-0.392439537
전성우,"10,138",6.65E-06,-0.392444869
이반 라이트만,"10,119",5.57E-06,-0.392459343
김규민,"10,106",4.83E-06,-0.392469246
야마시타 노부히로,"10,103",4.66E-06,-0.392471531
토마스 스터버,"10,098",4.37E-06,-0.39247534
주호성,"10,094",4.15E-06,-0.392478387
배종대,"10,079",3.29E-06,-0.392489813
리처드 J. 루이스,"10,075",3.07E-06,-0.39249286
소피 드라스프,"10,060",2.22E-06,-0.392504287
후지이 미치히토,"10,050",1.65E-06,-0.392511904
조재민,"10,039",1.02E-06,-0.392520284
난니 모레티,"10,031",5.68E-07,-0.392526378
세바스찬 렐리오,"10,021",0,-0.392533995
